1065,16.388437879138213,7.4998092622262895,10.781872281986722,4.787518120088502,0.1568627450980392
337,25.206446062610823,0.8157473105973914,-3.9436942092011904,17.70656900892653,3.235294117647059
449,35.05320809698276,8.543526359960328,20.21560997940032,9.436179140917067,2.411764705882353
1177,39.50506092584916,-10.000457770656901,26.249942778667887,25.001144426642252,0.1568627450980392
393,42.406637653981406,6.274204623483634,15.69649805447471,27.650873579003587,2.9215686274509802
561,21.26494806639422,-0.24689097428854723,0.22018768596932858,13.273823147936218,4.137254901960784
505,23.621398969635848,-0.9756618600747693,-18.428473334859234,0.3433279926756695,1.9019607843137254
225,23.504281518955523,-4.910658426794843,-8.264133669031814,15.641260395208667,2.9607843137254903
1345,19.587436979505416,-2.5009536888685453,-3.7505149919890144,0.0,0.45098039215686275
449,41.09766878667584,-14.219272144655527,-21.336232547493708,22.229343099107346,2.7450980392156863
505,19.16758083732457,-4.791027695124743,-1.566948958571757,7.983520256351568,4.7254901960784315
561,22.388222860951736,-3.1259632257572285,-11.220416571297779,4.248111696040284,4.568627450980392
1177,31.421318118377876,-4.999160753795682,-15.703822384985122,7.812619211108568,2.3333333333333335
953,29.112714550207677,2.499122606240938,20.977340352483402,7.799649042496376,1.8627450980392157
449,43.164962530825896,16.397650110627907,-23.55367360952163,19.41786831464103,4.647058823529412
785,35.79939259365571,-14.686808575570307,14.67841611352712,1.795223926146334,4.529411764705882
393,28.074507928635743,-1.1630426489662007,-20.7191577019913,9.184405279621576,3.2941176470588234
393,9.435687364113441,3.2022583352407104,-3.878690775921264,2.045471885252155,0.6862745098039216
897,18.416249462117,3.1253528648813607,-8.201876859693293,0.3906309605554284,1.2549019607843137
897,14.36955944541273,0.24017700465400083,-1.9633783474479287,3.125047684443427,2.0
393,27.35876730911928,-8.496528572518502,-5.476310368505377,20.233463035019454,1.8235294117647058
225,26.620883274521262,2.6016632333867413,-18.371709773403524,10.180819409475852,3.215686274509804
1345,26.341255498250767,0.00030518043793392735,-13.117418173495079,6.445410849164569,2.411764705882353
1177,25.24880779280107,0.00030518043793392735,3.7505149919890144,15.62600137331197,0.39215686274509803
1009,15.385643684989102,0.07904173342488718,-2.57862211032273,3.125047684443427,1.9411764705882353
393,22.436806828562023,-11.175402456702525,-2.217898832684824,16.518654154268713,1.2745098039215685
225,22.932469938032185,12.266727702754253,5.2712291142137815,14.216830701152055,2.5294117647058822
1121,23.6976609691485,-0.00030518043793392735,19.160906385900667,9.375906004425117,0.1568627450980392
393,59.91572144093638,6.07888914320592,20.243076218814373,43.89715419241627,3.5098039215686274
449,27.3141013958995,-0.006408789196612474,16.937056534676124,7.040512703135729,4.607843137254902
169,50.40829956250784,-15.90447852292668,0.9205767910276954,37.75463492790112,3.6862745098039214
1345,10.004375055443296,2.500343327992674,3.7505149919890144,6.250858319981689,0.27450980392156865
673,20.96255065625706,9.408407721065078,6.21057450217441,4.956130312046998,3.784313725490196
1233,34.93943887428997,-10.001068131532769,-13.125658045319295,16.015869382772564,0.803921568627451
1233,37.103582886142355,-10.001068131532769,-15.000686655985351,14.061951628900587,1.392156862745098
1345,31.097269423891213,-5.000381475547417,24.37582970931563,14.952315556572824,0.1568627450980392
617,7.768916538518,3.647821774624248,1.6997024490730155,0.10376134889753567,4.921568627450981
953,17.707174259807452,6.211337453269245,-4.295262073701075,12.500190737773709,0.45098039215686275
617,37.25034092031452,-16.074769207293812,23.76333257038224,14.874494544899672,2.0392156862745097
897,23.282421244593966,7.6572823682002,14.60151064316777,0.8056763561455711,1.156862745098039
281,25.020275964287514,7.077439536125734,-7.831998168917373,7.769893949797818,4.294117647058823
729,33.82704967765634,3.9847409781033036,-4.042572671091783,13.672846570534828,3.9019607843137254
337,38.16460342996374,5.3824673838406945,-22.044861524376287,21.54573891813535,2.8627450980392157
225,35.63070589958667,3.942015716792554,11.317463950560771,28.46494239719234,3.607843137254902
1177,28.131184585475296,-7.501029983978027,-6.5630579079880995,10.74235141527428,1.4705882352941175
841,30.601524109331677,-16.250553139543754,-11.72213321126116,7.727168688487068,3.0392156862745097
337,29.86960907503471,16.87190051117723,-12.437170977340351,4.096284428168154,4.03921568627451
561,40.16358558783895,4.819714656290532,21.209887846189062,24.29541466392004,3.627450980392157
841,25.93941516754216,11.485465781643395,-1.9633783474479287,12.549019607843137,2.3333333333333335
393,31.828818855643128,-2.9465171282520792,-29.263904783703364,5.327687495231555,3.392156862745098
449,19.520281620662995,11.368276493476767,8.605630579079879,2.359044785229267,1.9215686274509804
281,50.05227452075098,19.07774471656367,-5.8800640878919666,39.50408178835737,3.313725490196078
953,38.80377708401825,12.501106279087509,-2.402838178072784,26.562905317769133,0.5098039215686274
617,31.299108520045735,12.578622110322726,13.349965667200735,8.380254825665675,4.333333333333333
337,33.179743280374794,6.000152590218967,25.397573815518427,5.986877241168841,4.568627450980392
1289,6.819689623611518,-0.6253147173266207,2.5777065690089245,0.7797360189211872,0.37254901960784315
953,30.29547711474534,-8.944533455405509,22.500801098649575,12.499427786678874,0.19607843137254902
897,21.696570350522542,-7.969787136644541,-2.3433279926756683,8.127718013275349,3.4313725490196076
505,29.445157570928924,7.036545357442588,16.289768825818264,7.489127946898604,3.803921568627451
393,18.41888262352119,9.452353704127564,-8.363927672236208,3.8483253223468377,3.4901960784313726
225,13.528200067380183,-10.576638437476158,-0.04531929503318821,2.1431296253910124,3.764705882352941
281,45.557305299705575,-4.278934920271611,26.64179446097505,28.046082246128023,4.137254901960784
561,26.43393140519401,-10.292820630197605,5.654840924696728,11.538109407187,3.549019607843137
281,23.38610350533165,19.57579919127184,1.7674525062943474,4.596017395284962,2.6666666666666665
1345,19.91975715528664,-0.00030518043793392735,16.05630579079881,7.812619211108568,0.1764705882352941
617,29.049974530291774,-12.012207217517357,3.4346532387273996,9.985503929198138,4.215686274509804
1009,32.249212746250535,6.055695429922942,-14.99977111467155,7.812619211108568,1.784313725490196
561,11.640058604379917,-4.69459067673762,0.4655527580682062,2.491035324635691,4.098039215686274
449,24.899107429931867,-17.64217593652247,-7.865873197528039,2.6626993209735255,2.607843137254902
953,11.729444268563782,-1.0934615091172653,-1.4048981460288381,2.148470283054856,1.9803921568627452
1121,35.57248552774426,13.125505455100331,-19.22041657129778,11.059739070725566,1.9019607843137254
1009,41.66909183492088,9.374837872892346,15.000686655985348,25.775539787899596,0.803921568627451
281,40.831449871522125,-0.6778057526512562,5.118333714808884,35.85870145723659,2.843137254901961
841,15.275245010527993,-2.5119401846341667,0.9379720759899293,3.125047684443427,1.9607843137254901
505,49.30571630382468,1.5231555657282385,2.8130006866559825,44.87830930037384,0.8823529411764706
897,33.31967597396839,-8.750438696879531,8.113984893568322,11.718928816662851,2.0980392156862746
225,39.80876943032962,-19.75829709315633,26.551155870908673,7.6165407797360185,4.823529411764706
393,26.349673978368457,-10.477759975585565,-11.249713893339436,11.963073167009995,2.215686274509804
841,18.702318054885467,-1.191119249256122,-0.5561913481345861,7.812619211108568,3.9019607843137254
673,30.572956485954617,-10.001068131532769,-7.96932936598764,13.47676813916228,0.8431372549019608
1289,19.5809470296455,-2.3428702220187674,-3.7505149919890144,0.0,0.45098039215686275
953,13.740050245172217,-0.009460593575951748,0.02700846875715257,10.73929961089494,0.8627450980392157
281,49.24703043908819,14.72465094987411,-9.305104142824444,40.654612039368274,3.9019607843137254
673,38.52474168439733,-12.7348744945449,-16.299839780270084,22.65659571221485,0.8431372549019608
337,34.77514060127998,11.040512703135729,13.451590753032733,21.48470283054856,3.0
617,35.63989059009108,9.531700617990388,-13.124742504005493,14.162661173418783,4.0588235294117645
225,20.196738092347317,3.773556115053026,-4.03616388189517,16.295109483482108,4.666666666666667
1177,20.823497675576085,2.499122606240938,3.7505149919890144,1.5617608911268788,2.568627450980392
841,16.52473686734978,-1.3278400854505215,-0.17532616159304126,3.3699549858854048,4.0588235294117645
225,51.6927726692932,-6.504310673685817,-24.250400549324787,39.98626688029297,4.647058823529412
225,44.47782156813561,-19.055161364156557,-17.714351110093844,30.61722743572137,4.352941176470588
953,15.858213541855775,1.4950789654383136,-2.615243762874801,3.906309605554284,2.0588235294117645
617,25.46270327385252,-12.012207217517357,2.7837033646143254,1.4679179064621957,4.529411764705882
449,39.63274667331589,-5.293965056839857,-28.739299610894943,17.979705500877394,1.8431372549019607
169,55.19189961893412,14.372472724498358,15.22407873655299,39.78484779125658,3.450980392156863
953,30.2042724961058,5.625391012436104,-6.503547722590984,17.67681391622797,2.392156862745098
225,49.74699151151937,-6.065461203936827,18.40558480201419,43.65987640192264,1.2156862745098038
281,38.185292227691406,17.228961623559933,-16.06088349736782,23.660639353017473,4.509803921568627
897,30.282586823880372,-6.249179827573052,-4.687113756008241,8.203250171663996,2.019607843137255
1177,17.592853087456696,0.00030518043793392735,-7.50148775463493,0.3906309605554284,1.196078431372549
953,31.230997321970765,0.00030518043793392735,-9.375600823987181,15.037766079194324,0.9019607843137255
169,46.488521641843725,3.8046845197222865,-25.058823529411764,35.903715571831846,4.549019607843137
785,31.14845802171751,19.922484168764782,1.9908445868619822,6.634622720683605,4.372549019607843
673,41.00225641604991,18.789654383154037,24.998397802700843,5.617608911268787,2.941176470588235
505,33.39261662924872,-11.40794995040818,-11.344930189974821,14.917219806210422,3.588235294117647
337,37.623591175444766,1.3040360112916751,-20.36484321355001,26.740672922865645,3.8627450980392157
281,37.60415986534532,9.817349507896544,27.63057907988098,20.070954451819638,2.7058823529411766
1177,23.08565283424877,-0.4684519722285785,-2.3625543602655057,6.250095368886854,2.4901960784313726
1177,28.685670307751497,-4.9997711146715496,-22.736095216296636,0.0,0.29411764705882354
617,21.887873892185908,12.220950637064163,-9.961547264820325,3.076218814373999,2.0392156862745097
1233,39.0660987342589,2.989852750438697,6.093385214007782,25.000381475547417,1.0392156862745099
281,29.963848081957885,16.67841611352712,7.429159990844589,19.87335011825742,2.156862745098039
393,34.342048295378305,6.503089951934083,2.7672236209658934,19.10582131685359,4.215686274509804
617,26.74368972580441,-5.918974593728542,-16.52414740215152,0.268558785381857,1.784313725490196
1737,18.072355227578324,-3.7491416800183117,-0.9370565346761275,4.296940566109712,2.4901960784313726
561,19.565769031291715,-1.3479819943541607,7.967498283360037,6.744487678339818,4.509803921568627
729,8.945702093137752,0.4586861982146928,3.0116731517509763,6.250095368886854,0.3333333333333333
1233,20.968111086413824,-9.06355382619974,-11.658045319295034,3.6133363851377127,1.8823529411764706
561,20.61879766766231,9.12031738765545,-7.500572213321128,1.0727092393377584,3.392156862745098
673,35.259169028481764,1.2899977111467145,-18.83039597161822,14.990463111314565,3.3529411764705883
225,41.473324891056095,13.9140917067216,10.654612039368274,30.108339055466544,4.2745098039215685
561,26.223351086217185,13.146868085755706,2.387273975738154,16.607156481269552,1.0980392156862746
393,9.525131330830035,2.4551766231784526,0.46097505149919726,2.5299458304722666,4.1568627450980395
785,44.19753508660829,-10.352025635156787,11.24971389333944,33.88876173037308,1.7647058823529411
1009,25.83705421236608,5.976348516060121,0.028839551384756135,18.766308079652095,1.8823529411764706
281,24.685771492395794,12.177004654001678,-9.111009384298466,0.8331425955596247,4.7254901960784315
225,29.916390812688622,10.201876859693293,14.42664225223163,21.084916456855115,1.1372549019607843
337,32.615862762953,4.684214541847869,6.500801098649575,17.76226443884947,4.764705882352941
561,12.092504242336362,-3.418326085297931,4.554360265506979,0.9758144502937361,2.2941176470588234
785,44.11431763882704,16.639963378347446,18.106202792401007,22.070649271381704,2.0980392156862746
729,18.88657486509696,-1.2491035324635682,-5.625543602655071,3.125047684443427,1.8235294117647058
337,23.09876514265251,-17.201495384145876,-1.1265735866330964,8.176546883344777,4.196078431372549
1625,36.641597525423016,-10.000457770656901,26.25085831998169,12.498664835584039,0.1764705882352941
729,21.02263186134025,-8.320134279392692,-3.414511329823757,7.5494010833905545,4.0588235294117645
841,16.92889390015707,-3.161974517433432,-4.423437857633324,2.734416723887999,4.607843137254902
337,37.85160566568419,13.49843595025559,-5.0670634012359805,19.20119020370794,4.921568627450981
393,34.888109715617304,-5.375143053330282,-19.703822384985124,16.60181582360571,2.764705882352941
841,35.44086369772518,3.7503624017700474,-13.242847333485923,9.607080186160067,4.215686274509804
729,31.09876893067976,-5.62600137331197,-12.188143739986266,9.56969558251316,3.2745098039215685
561,27.77844595047814,-15.059128709849698,1.6630807965209442,17.236591134508277,1.1372549019607843
337,28.451827605815218,-7.80498970016022,15.853971160448616,15.702296482795452,3.6666666666666665
1065,23.317483009926555,-6.2497901884489195,-5.184252689402609,1.5617608911268788,1.0784313725490196
897,41.47048394879522,15.156786449988559,-16.40604257267109,20.255588616769664,3.5098039215686274
337,18.191855821190412,-9.463340199893187,2.499885557335773,10.954451819638361,3.1372549019607843
1177,19.417518609440005,5.000381475547417,0.1277180132753486,12.500190737773709,0.3333333333333333
841,13.056598195556203,8.437323567559318,-3.7505149919890144,1.7563134203097581,0.2549019607843137
673,17.268609500790152,4.556038757915619,-1.3582055390249472,3.5584039063096053,4.647058823529412
225,19.545675348030173,-2.9196612497138936,-0.45731288624399014,11.34508278019379,3.6470588235294117
505,31.40950296170545,-4.374151216906997,-15.958342870222019,13.000686655985351,4.1568627450980395
561,25.433126498301434,15.639581902800032,-4.767681391622798,5.990691996643015,3.8235294117647056
449,33.85675844380403,-11.117418173495079,-16.394140535591667,12.120241092545967,4.529411764705882
281,21.893688371698257,-0.24933241779201865,-9.784847791256581,9.970244907301442,4.901960784313726
561,34.020301009782045,11.719844357976655,21.52208743419547,5.273517967498283,1.0588235294117647
505,12.919938363858588,-6.808880750743878,-1.5770199130235767,8.16281376363775,4.509803921568627
169,32.08292510321242,-8.690012970168612,-15.198443579766536,15.54665445944915,4.333333333333333
729,9.836450155463943,5.040054932478828,2.62165255207141,1.7975127794308385,3.450980392156863
729,12.662391439617775,5.207904173342488,-6.013733119707027,0.19455252918287938,0.45098039215686275
337,14.41041630756428,5.018081940947585,9.431448844129093,5.026321812771801,3.7254901960784315
897,34.4529241182026,-13.438620584420539,9.771114671549554,23.437857633325702,0.47058823529411764
1121,27.254658728312254,-4.9997711146715496,-3.7495994506752126,9.130998702983138,2.0980392156862746
897,23.753340071636075,-6.876020447089342,-8.78965438315404,10.869764248111697,2.215686274509804
841,45.17699949914781,-6.250400549324789,16.170748455024032,30.859845883878844,0.9215686274509803
281,45.69369270267965,-18.986800946059358,29.82513160906386,18.938735027084764,4.078431372549019
1009,29.08910097091084,10.018768596932937,7.382467383840698,15.039291981383993,2.313725490196078
1065,22.320451037463407,5.000381475547417,-11.249713893339436,1.6060120546272985,1.2352941176470589
897,22.599680019606275,-5.000991836423285,-10.430304417486838,5.773250934615091,3.0784313725490198
225,30.857530652447085,1.8332188906691087,7.87136644541085,26.163118944075684,4.0588235294117645
449,39.86965764972715,11.277332722972456,-6.0439459830624855,31.506828412298773,1.2941176470588236
505,47.527976346977525,6.901655603875792,14.64179446097505,40.05188067444877,0.9215686274509803
1009,31.477742427526422,-16.094300755321584,-7.325703822384984,0.0,2.411764705882353
337,40.66352900625149,-2.0346379797055008,8.981918059052411,33.279163805600064,4.588235294117647
897,42.34004905337293,-12.500495918211643,28.125886930647745,26.561379415579463,0.1568627450980392
841,16.326677241035927,-0.682688639658199,-4.922407873655299,5.1758602273594265,3.1960784313725488
337,35.66323588555694,-6.619058518348973,-26.719615472648204,12.83588921950103,2.588235294117647
953,52.17992591642515,-15.000534065766384,27.18745708400092,40.62409399557488,0.13725490196078433
1121,30.804392984591175,-12.969253070878157,15.118791485465785,0.0,0.5490196078431373
281,34.96798407894945,0.2767986572060721,5.796749828336004,21.796749828336004,4.294117647058823
617,21.550097938669968,2.5833524071107057,-3.040054932478828,5.468833447775998,1.5490196078431373
1009,26.541583237438317,-8.512397955291066,-5.155870908674753,14.745555809872586,0.9607843137254902
673,43.900393975799325,-11.48180361638819,17.695124742504007,28.125429159990844,1.6666666666666667
1177,24.105595761739085,-4.375371938658732,1.8764019226367594,6.250095368886854,2.4901960784313726
785,43.973961079197615,3.7509727626459153,6.958571755550466,31.738765545128558,3.2745098039215685
841,21.00749024361898,2.500343327992674,-8.644083314259557,1.5625238422217136,1.196078431372549
785,16.00100841657932,-1.5616083009079134,-11.192034790569924,0.017547875181200885,1.2941176470588236
393,51.41702977043869,16.683299000534063,-1.2602426184481565,30.334935530632485,4.450980392156863
393,16.385503655354402,-0.00030518043793392735,5.389333943694211,5.56572823682002,3.9019607843137254
393,27.55052063063953,-12.801403830014497,-1.7500572213321135,18.344396124208437,2.5294117647058822
281,17.017062069601973,1.7050431067368592,13.000228885328447,2.2369726100556955,4.1568627450980395
505,22.614185351216307,13.486839093614101,1.668574044403755,8.14373998626688,4.88235294117647
393,40.4431790816087,-19.10276951247425,-18.335088120851452,17.22285801480125,3.8627450980392157
281,31.49684802112284,10.374608987563896,-23.70748455024033,7.344930189974822,3.392156862745098
225,56.80277731200894,-16.950637064164187,7.974822613870451,49.07835507743954,3.1960784313725488
561,11.819779524175107,-3.0075532158388647,-2.506294346532389,2.0485236896314944,3.3529411764705883
1065,16.99769025235799,-3.047837033646143,0.3520256351567852,4.687571526665141,2.568627450980392
897,29.627490298077987,-3.6838330663004513,-22.786449988555734,7.129015030136569,1.196078431372549
785,27.09301132961842,-3.907225146868086,-20.356603341725794,5.273517967498283,1.196078431372549
449,17.173466054742548,-11.260852979324026,-4.3382925154497585,9.211108567940794,3.2745098039215685
561,25.408140929138845,8.282291905088883,13.481803616388191,7.354848554207675,3.764705882352941
561,35.58345362963459,-9.712367437247272,-11.631494621194783,19.018081940947585,2.9215686274509802
1121,23.327924038929787,-3.827267872129397,-8.203707942320897,6.030365453574426,3.6666666666666665
953,25.479170881084446,4.405889982452123,2.453192950331882,16.797131303883422,1.784313725490196
449,32.74524894457993,16.56183718623636,-15.038223849851224,7.617303730830853,4.03921568627451
337,27.989508295020332,15.126268406195166,-16.33920805676356,9.932097352559701,0.6078431372549019
729,33.548038280282086,5.781033035782407,10.65278095674067,20.423437857633324,2.3333333333333335
169,31.194585905338997,3.8303196765087364,-5.909361409933624,24.272526131074997,4.0588235294117645
561,33.87660598356014,9.491416800183107,14.253604943923094,14.86610208285649,3.588235294117647
785,15.983749825550412,9.141069657434958,-6.898146028839552,8.007934691386282,0.3529411764705882
337,35.15477824197809,-0.6601052872510884,21.831540398260472,20.889600976577402,4.372549019607843
561,26.605592749388297,-9.06355382619974,-19.751430533302816,5.207904173342489,1.2352941176470589
897,20.34554439798073,-8.437933928435188,7.149919890135045,0.3906309605554284,1.2745098039215685
673,38.875281122084786,-18.281834134431982,24.37582970931563,14.477759975585565,0.27450980392156865
729,25.70221877647553,-13.125505455100328,7.0318150606546155,6.438544289311055,3.156862745098039
673,14.831589860038894,0.5221637293049533,12.489356832227053,3.1784542610818645,2.2549019607843137
337,28.560820701287295,3.152819104295414,17.808651865415428,2.9312581063553824,4.372549019607843
505,21.41060595591776,-13.019913023575189,-3.537193865873199,2.474250400549325,4.647058823529412
617,30.564169564343473,7.178759441519798,-13.534905012588695,16.72388799877928,2.313725490196078
505,53.75020903260437,19.84374761577783,-8.14877546349279,29.00434882124056,2.3333333333333335
897,40.31256461071186,12.499885557335773,26.249942778667887,25.001144426642252,0.058823529411764705
617,43.084018274867574,8.866407263294423,22.245365072098878,25.92813000686656,2.176470588235294
1345,28.453611722840137,-6.231479362172884,-22.500801098649575,0.0,0.29411764705882354
337,28.373935391070926,15.580987258716718,-10.951247425040055,2.371252002746624,4.019607843137255
729,11.679111083819645,-3.1253528648813607,7.500572213321128,3.9047837033646142,0.3137254901960784
1065,33.073365690201214,-17.77340352483406,15.000686655985348,1.1322194247348745,1.8627450980392157
673,27.256553573294777,-6.407263294422828,-9.126573586633096,15.918211642633707,0.9607843137254902
1009,40.034169211103496,13.300068665598538,26.249942778667887,25.000381475547417,0.058823529411764705
449,36.11408829846823,13.879911497673,-13.817807278553445,25.71602960250248,1.9019607843137254
337,38.67082883017065,-15.649958037689785,25.061570153353173,16.540779736018923,2.019607843137255
169,50.58426935400683,-14.442664225223163,-12.021515220874342,40.09536888685435,3.568627450980392
393,37.40464496679441,7.969787136644541,-26.281071183337147,11.716639963378347,3.941176470588235
169,36.299011269201756,-12.73792629892424,-28.44266422522316,0.48218509193560694,4.745098039215686
841,36.93290163230033,1.250324254215304,-23.893339436942092,10.156404974441138,1.0784313725490196
393,35.29796766100626,18.775616083009076,11.467612726024264,15.344472419317922,2.8823529411764706
337,28.603397851331238,-14.58854047455558,0.015106431677729404,13.66216525520714,3.0588235294117645
673,28.627679313916932,-2.734111543450066,-8.143282215609979,12.844281681544214,4.372549019607843
617,33.05754629144354,-12.403448538948654,-23.31380178530556,9.155413138017853,1.1764705882352942
113,44.89327628500478,13.327534905012591,-27.812771801327536,26.878767071030747,4.705882352941177
953,38.213870580612856,15.000534065766388,-26.126344701304646,8.402380407415885,1.9215686274509804
505,17.69810647813187,0.9365987640192266,-0.7255664911879158,11.133745326924544,3.6862745098039214
1121,22.270944694099146,-4.926527809567407,-9.258411535820553,11.383230334935531,2.2745098039215685
729,29.461298505140032,2.812848096437019,-12.31815060654612,16.11352712291142,1.6274509803921569
393,27.328638897580113,-4.889906157015336,-17.45067521171893,2.34531166552224,3.843137254901961
337,38.520221437006214,-19.44151979858091,-20.23117418173495,1.3275349050125886,5.0
169,46.622060192966664,17.512169069962617,14.422980086976423,32.719920653086135,3.607843137254902
225,26.29548570459017,18.961165789272904,11.399862668802932,2.6794842450598915,1.2352941176470589
449,38.90033464563571,7.031052109559777,10.151064316777294,28.050659952697032,4.019607843137255
225,50.59203388434352,-12.637216754406044,-8.142366674296177,46.10284580758373,2.4705882352941178
561,28.97223493855825,0.9384298466468302,-21.783016708628978,6.445410849164569,1.196078431372549
281,31.459366758565807,-17.913786526283666,5.38841840238041,18.439002059967954,2.549019607843137
1009,19.142344009948197,9.803921568627452,12.188143739986266,5.468070496681163,0.13725490196078433
1681,19.416152145311237,-2.499732967116806,-2.813916227969788,0.0,0.45098039215686275
505,8.051500582753514,-5.111467154955367,-3.3119707026779572,0.13809414816510263,3.6666666666666665
617,34.98665660813389,-10.593728542000457,-15.585717555504692,21.19172961013199,0.9019607843137255
281,13.933631598999549,-1.8960860608834977,0.19180590524147334,6.478980697337301,4.764705882352941
337,32.52176854878172,12.125734340428778,-10.769970244907302,19.31486991683833,3.7450980392156863
281,35.57151229584962,11.075913633936064,-29.780270084687572,5.196459906919967,3.941176470588235
225,41.441291481736386,13.412375066758223,12.171663996337834,23.953612573434043,4.8431372549019605
393,45.91840561763731,13.79751277943084,-19.95834287022202,33.05714503700313,1.7254901960784315
1009,41.28207810436528,4.9997711146715496,16.18539711604486,26.562905317769133,0.8431372549019608
673,32.688951628604116,-1.5048447394522029,19.15815976195926,14.721904325932707,4.7254901960784315
785,50.396835441807596,-10.625467307545586,-6.441290913252459,40.62561989776455,0.7254901960784313
561,27.33800628416899,5.6241702906843685,15.623254749370567,7.42198825055314,3.1176470588235294
1233,34.16163870576975,15.000534065766388,-5.392080567635613,18.750286106660564,0.3333333333333333
449,22.696162048093797,10.233615625238421,-10.844129091325247,9.003585870145724,4.117647058823529
897,40.697222340421405,15.938048371099413,-19.6406500343328,7.812619211108568,0.6470588235294118
393,49.462982462456615,7.789730678263524,-14.899061570153354,34.36942092011902,4.96078431372549
281,34.17251930623575,4.503547722590984,-22.588693064774546,19.761196307316702,4.235294117647059
897,18.88434292438604,10.625467307545588,-6.09246967269398,9.76577401388571,0.3137254901960784
785,38.47891375341576,5.27565423056382,-17.812314030670635,11.718928816662851,2.9607843137254903
281,56.56644072399385,11.742427710383765,7.023575188830399,49.94888227664607,4.294117647058823
561,26.571070954216875,8.56855115587091,-2.201419089036392,14.941634241245136,3.8235294117647056
841,28.855884361143218,-11.484855420767529,13.767452506294347,3.71099412527657,1.4509803921568627
673,27.598488250059,-11.583123521782253,6.680247196154724,7.446402685587854,3.7450980392156863
561,20.993815330736226,6.558632791638058,8.583657587548636,4.423590447852293,4.568627450980392
281,33.64952500856233,13.978179598687724,14.875257495994504,18.326848249027236,4.352941176470588
673,21.33573593512359,-14.986495765621424,3.193865873197531,6.264591439688716,4.529411764705882
505,33.55467957164264,-13.165178912031738,-11.281757839322498,20.059510185397116,2.313725490196078
617,13.637082446926007,-3.417105363546195,3.10597390707256,2.734416723887999,2.0980392156862746
337,16.007199440011874,6.452429999237047,-6.297550926985579,10.318913557640956,0.6666666666666666
449,37.52242521957818,19.876096742198825,28.88303959716182,0.04043640802624552,2.9215686274509802
729,19.240751222796355,7.715877012283514,7.148088807507442,2.395666437781338,3.235294117647059
561,34.941097312252516,-13.149919890135042,0.20279240100709472,24.560921644922562,2.607843137254902
505,34.074911679193825,2.967879758907454,21.680476081483178,9.618524452582589,3.156862745098039
1233,8.441998480155576,-0.00030518043793392735,0.001373311970702673,4.297703517204547,1.0784313725490196
729,28.165718697743117,-2.499732967116806,22.500801098649575,12.500953688868544,0.1568627450980392
897,15.913057529598834,-5.937895780880446,10.670176241702904,5.916685740444038,0.3137254901960784
897,52.0673564954879,-16.494697489890896,1.40581368734264,39.1607537956817,1.2156862745098038
1065,20.26318964515297,-5.000381475547417,-1.8764019226367594,0.0,0.45098039215686275
337,38.52967185981201,15.118944075684752,7.692835889219502,27.341878385595482,2.7254901960784315
281,26.36354322110819,-0.6887922484168776,10.43121995880064,21.615167467765318,3.392156862745098
169,34.43505431530356,-13.105363546196688,-19.52254520485237,9.082932784008545,4.529411764705882
1233,16.29803666624398,-0.3121995880064077,-1.0560769054703592,0.0,0.6078431372549019
281,36.96366127716019,11.622186617837798,26.265506981002517,15.278858625162128,1.8823529411764706
393,25.10308606994744,7.630426489662014,1.0798809796292055,17.43495841916533,2.549019607843137
1457,22.260259680103264,10.000457770656901,-3.748683909361411,12.500190737773709,0.3137254901960784
617,21.396240539195574,-5.663843747615777,7.958342870222019,5.902189669642176,4.764705882352941
337,20.162878445099064,-4.16784924086366,-16.60105287251087,3.307392996108949,4.88235294117647
617,21.472080721757504,-0.000915541313801782,15.941863126573587,4.635690852216373,1.9607843137254901
841,27.59139716517188,8.90730144197757,10.781872281986722,14.742504005493247,1.6274509803921569
393,26.141368578768,18.756694895857173,-5.728084229800871,11.905088883802549,4.529411764705882
281,45.46597596423344,15.37285420004578,18.16937514305333,32.18204013122759,4.96078431372549
281,30.941516428607244,9.932707713435569,12.922407873655295,19.200427252613107,4.921568627450981
785,26.63163463429965,-2.499732967116806,-8.184481574731059,10.547035934996567,2.1372549019607843
1065,47.40036368474061,-2.5003433279926774,16.64225223163195,31.25047684443427,0.8431372549019608
393,42.06728199104676,16.060120546272984,-12.894026092927444,33.94064240482185,1.5490196078431373
281,38.7904464484617,-17.949187457084,-24.38040741588464,4.376287479972534,3.6666666666666665
953,29.135061999012088,-10.000457770656901,20.624856946669716,14.063477531090257,0.21568627450980393
1009,16.107744461776267,-0.7858396276798665,-0.4682993820096115,0.0,0.6078431372549019
729,36.483998920578664,15.908751049057756,-1.4982833600366199,16.992446784161135,4.294117647058823
785,27.370160998691777,0.05645838101777656,0.9782558937972077,21.87533379110399,0.5686274509803921
1121,32.98457139709319,-17.501182574196996,7.734950789654384,13.83916990920882,2.2549019607843137
281,35.21187965538224,17.163653009842072,-5.945067521171893,26.356145571068893,4.235294117647059
841,12.576752437916408,-1.953459983215076,8.387731746395055,6.250095368886854,0.27450980392156865
393,39.893822714499706,8.487373159380482,5.81506065461204,16.472114137483786,2.176470588235294
505,30.684027442128222,4.610360875867858,9.636530098420693,20.41657129777981,3.8235294117647056
953,23.799696037266255,-4.999160753795682,-7.500572213321128,1.953154802777142,1.0784313725490196
897,26.595843143304606,-4.9997711146715496,-5.626459143968873,5.468833447775998,2.9607843137254903
505,42.458845589994866,-18.58213168535897,-18.111696040283817,19.977111467154955,4.117647058823529
561,18.14891689793327,7.500419623102161,2.4010070954451805,1.659418631265736,3.235294117647059
449,28.429494845845447,-8.890821698329137,-20.05630579079881,1.4000152590218966,4.607843137254902
729,43.49229062986341,18.12558175020981,21.423208972304877,5.468833447775998,0.9215686274509803
841,28.82036984892199,1.2509346150911718,4.086518654154268,18.750286106660564,1.784313725490196
281,24.001382294242745,-10.32822156099794,-12.361181048294803,13.961242084382391,3.176470588235294
337,46.57800330801675,12.781261921110854,-23.207598992904554,28.573281452658886,4.254901960784314
617,5.645158189651646,1.4163424124513604,0.5186541542687131,1.1718928816662852,0.3529411764705882
1233,37.20085422070071,5.000381475547417,-14.064087891966125,15.234607461661707,1.4705882352941175
337,44.44694839144914,17.859464408331426,-23.044632639047837,8.537422751201648,3.9019607843137254
281,23.254647577669743,-9.172198062104219,3.084000915541317,17.094682230869,3.3529411764705883
561,45.656820951027676,-18.765239948119326,13.006637674525066,30.133516441596093,3.8627450980392157
505,20.64139799077102,-3.451285572594795,-12.702677958342871,10.46845197222858,5.0
169,48.041021527841814,0.7211413748378739,-7.59945067521172,41.17036697947662,4.980392156862745
281,25.673488718578746,-15.049362935835813,11.312886243991763,4.036774242771038,4.078431372549019
225,22.17709039593946,6.156404974441138,14.219729915312428,2.877851529716945,4.686274509803922
897,41.2075527164893,15.001144426642256,0.4692149233234133,25.781643396658275,1.1176470588235294
393,23.647946258940877,-0.13885709925993694,-11.216754406042572,7.867551689936675,4.980392156862745
393,53.94996068366647,-8.447089341573205,-15.916227969787137,45.8808270389868,1.588235294117647
393,32.75063169545672,-14.063019760433356,9.828793774319067,22.75501640344854,0.5294117647058824
561,24.83608410716045,-0.6082246128023208,17.988097962920577,4.908064393072404,4.03921568627451
729,16.592884731855847,10.000457770656901,-8.409704737926297,5.468070496681163,0.3333333333333333
1009,33.36758003767113,10.000457770656901,-27.188372625314717,0.6408789196612498,0.3529411764705882
281,33.91883531593032,-2.729228656443123,-4.959945067521172,24.83939879453727,3.9607843137254903
449,32.613189214055616,-12.89417868314641,-10.498970016021971,21.10627908751049,1.6470588235294117
785,48.38389180264305,-3.5941100175478766,-6.930189974822614,39.8443579766537,1.4313725490196079
337,34.17110653467955,8.392767223620965,19.349507896543834,17.38918135347524,2.843137254901961
1065,10.932525829049235,1.3272297245746536,7.500572213321128,4.687571526665141,0.23529411764705882
449,28.658130875376088,-12.172121766994735,-14.986037994964523,3.2227054245822844,3.8627450980392157
953,39.85167724108188,-15.624322880903334,7.500572213321128,15.625238422217135,0.9215686274509803
953,5.908684852727955,1.3022049286640716,-0.930647745479515,0.38910505836575876,0.45098039215686275
505,28.046053008532645,-14.742351415274282,7.398031586175328,11.454947737850004,3.549019607843137
1233,21.51216633050776,4.9997711146715496,9.405813687342643,3.295948729686427,2.4901960784313726
1121,11.473076644217937,3.4378576333257023,0.9919890135042344,7.812619211108568,0.3137254901960784
337,31.701362483408857,11.666132600900283,-11.46761272602426,14.312962539101244,4.019607843137255
505,14.943856567986419,6.8949416342412455,-0.21652552071412146,2.085908293278401,4.7254901960784315
897,31.3613742604717,10.430762188143738,2.255436026550697,19.53154802777142,1.0392156862745099
393,17.0160610316833,10.644998855573359,10.145571068894483,0.2235446707866026,1.392156862745098
281,42.254056279591794,-9.219806210421911,-9.95880064087892,35.93957427328908,3.6862745098039214
673,40.18836497391814,0.7260242618448167,18.336003662165254,22.85801480125124,3.6666666666666665
673,26.913727041958424,7.032272831311513,11.438315403982607,13.617151140611886,2.980392156862745
561,33.41049439747567,-18.371557183184557,-25.300526436255435,0.0007629510948348211,2.2549019607843137
897,18.022619475402244,8.514839398794539,-7.500572213321128,1.696803234912642,2.0588235294117645
1457,29.229611336765828,9.999847409781033,21.093614099336236,12.281223773556116,0.09803921568627451
505,10.605764302840056,-1.643396658274206,1.962462806134127,7.91103990234226,0.6078431372549019
169,35.19182008475693,13.44167238879988,11.165484092469676,17.954528114747845,4.862745098039215
953,28.856557270025064,-7.500419623102159,-10.31311512932021,15.920500495918212,0.9215686274509803
225,52.76421675804845,-15.31486991683833,21.81048294804303,42.53528648813611,4.568627450980392
729,21.37669044968544,5.066300450141146,-4.310826276035705,8.593881132219424,4.0588235294117645
673,50.588181806052084,-15.117723353933012,21.128404669260703,34.57084000915541,2.2941176470588234
673,21.324532260381538,-1.890592813000687,-7.617761501487756,9.283588921950104,3.4705882352941178
561,33.09788856886551,-12.728770885786222,-7.499656672007326,18.639658197909515,1.607843137254902
953,45.69727296443243,11.251087205310139,27.18837262531472,7.812619211108568,0.9215686274509803
225,35.828986645991634,16.289616235599297,-26.582284275577937,11.113908598458838,2.843137254901961
337,16.430673690255546,5.963530937666896,-4.570840009155415,5.835049973296711,3.392156862745098
897,22.469369155621223,-4.356450751506829,-5.625543602655071,5.664148928053712,3.6666666666666665
393,33.91595308693269,-14.476234073395895,11.82558937972076,15.771725032425422,4.647058823529412
337,27.71590810818126,10.078583962767986,-1.3179217212176688,20.80567635614557,4.078431372549019
897,38.586028867824204,18.143892576485847,22.500801098649575,17.96826123445487,0.058823529411764705
281,44.37785950800338,10.939192797741665,5.132066834515911,36.137941557946135,2.843137254901961
673,28.830550171423692,-16.094300755321584,-10.954909590295262,5.127031357289998,1.7647058823529411
897,21.410965052213758,-5.625391012436102,0.5873197528038467,4.687571526665141,2.450980392156863
841,4.85528616247413,0.002746623941405346,-0.003204394598306237,0.3913939116502632,1.156862745098039
729,19.07980686930673,-1.2570382238498503,-2.461432822156098,5.859464408331426,3.156862745098039
505,29.712680340245768,-13.497215228503853,-13.718928816662853,12.627603570611123,2.803921568627451
449,28.584741487680247,5.3232623788815125,10.690318150606544,18.60532539864195,4.431372549019608
225,8.876084176441509,-2.7975890745403227,3.5518425268940277,1.569390402075227,0.6666666666666666
1065,44.182568925932145,-2.499732967116806,-16.992904554818036,29.298084992751964,1.5490196078431373
897,25.43508338775726,-8.130922407873655,7.247882810711836,9.375143053330282,3.313725490196078
561,21.65921574453459,-5.000381475547417,-14.12817578393225,4.370183871213855,1.8823529411764706
281,25.83671592455758,13.972075989929046,-16.898603799496453,4.4380865186541545,3.0784313725490198
393,19.849298412851574,11.602655069810027,-1.6530098420691246,10.125886930647745,3.0588235294117645
225,31.333995749436333,-5.106584267948424,-19.06202792401007,9.826810101472496,4.490196078431373
225,43.924505897070595,-15.970397497520409,-25.71160448615244,17.985809109636072,3.8235294117647056
953,42.10521383348707,13.690699626153965,11.104142824444956,25.97695887693599,1.4117647058823528
785,8.70379407819329,0.6546120393682777,-2.415655756466009,1.6601815823605708,2.1372549019607843
281,24.889815507739364,3.8681620508125434,15.149919890135045,5.513084611276417,4.627450980392156
617,43.068722496237456,6.2497901884489195,9.375600823987185,33.440909437705045,2.0392156862745097
897,35.04307241924377,-6.2497901884489195,-20.625772487983518,7.734798199435416,1.0392156862745099
337,25.40356676936097,11.818722819867247,11.091325246051731,0.8430609597924773,4.784313725490196
449,61.25124784823658,-19.824216067750058,26.702220187685967,45.28953994048982,2.568627450980392
841,6.113355167653384,2.0901808194094755,0.23392080567635531,1.1703669794766156,0.3333333333333333
337,29.404384793826303,-13.212176699473563,-0.03982604715037752,16.254673075455862,3.784313725490196
673,44.82788869295128,1.249713893339436,16.727397573815516,31.09178301670863,3.627450980392157
1065,29.240130572613744,-4.9997711146715496,-8.204623483634698,14.062714579995422,0.8823529411764706
953,5.684243954034963,0.18280308232242248,-3.751430533302816,0.0007629510948348211,3.784313725490196
897,20.445157261430964,7.500419623102161,-2.255436026550697,12.500190737773709,0.3333333333333333
393,31.252827488748814,9.200885023270008,-18.81483176928359,13.99099717708095,4.490196078431373
617,40.515582824631316,17.500572213321128,2.356145571068893,30.258640421149003,1.3725490196078431
1121,31.11127337419835,8.750438696879531,-11.249713893339436,2.788586251621271,2.803921568627451
449,8.833026799884902,-0.3268482490272362,0.28793774319066046,3.125047684443427,2.392156862745098
337,26.411405278948788,6.677042801556421,-7.574731059739072,16.68116273746853,3.1176470588235294
225,40.33805560078138,-1.979095140001526,27.433737697413598,19.70397497520409,4.568627450980392
337,55.92367102064217,4.521858548867019,-8.028839551384756,47.76531624322881,2.9019607843137254
169,40.50648907067985,9.416952773327228,26.5145342183566,18.74341954680705,3.8235294117647056
897,26.1618666012437,2.500343327992674,-13.6914625772488,5.468833447775998,1.803921568627451
897,43.98299896142385,19.750362401770047,11.015335317006183,25.000381475547417,0.7450980392156863
1345,16.63330770713454,-5.5869382772564276,1.8754863813229576,0.0,1.2156862745098038
281,48.521988084909744,-10.796368352788587,-21.997253376058595,31.641870756084536,4.96078431372549
673,46.44077393325913,18.98496986343175,-9.140306706340123,35.020218204013126,1.2156862745098038
1177,18.623345031427732,10.07736324101625,-1.8754863813229576,9.375143053330282,0.2549019607843137
617,37.41045647577915,15.311207751583126,-16.640421149004347,13.867399099717709,2.6470588235294117
505,22.88060705224651,-6.018463416495003,-7.05653467612726,9.198138399328602,4.215686274509804
673,52.16048683722805,-0.3427176317998004,-3.986724650949874,41.79751277943084,2.803921568627451
505,42.445217048788344,-15.383230334935531,-11.20027466239414,28.141451132982375,3.5294117647058822
393,26.791442366256895,-3.1229114213778892,-16.721904325932705,9.404135194934005,3.7450980392156863
673,41.604394567645485,8.125429159990844,-12.597390707255666,27.67833981841764,2.411764705882353
841,55.77380250035561,-9.765468833447777,-25.05607690547036,37.50057221332113,2.7058823529411766
673,18.777881039811795,-11.797360189211872,-2.8496223392080573,3.7506675822079805,3.941176470588235
337,28.357578637394845,16.409246967269397,-9.569695582513162,11.998931868467231,4.88235294117647
1065,39.010414174041976,-5.405661097123675,26.249942778667887,25.000381475547417,0.13725490196078433
449,41.15762388675204,-15.372243839169908,-20.686198214694436,21.58236057068742,2.7254901960784315
897,49.36811214694182,16.249942778667887,23.437399862668805,37.10841535057603,0.0196078431372549
617,11.0917108877157,8.125429159990844,-2.5127031357290015,3.171587701228351,2.9019607843137254
169,9.819639901318489,-1.4706645304035995,1.7079423208972315,4.371709773403524,1.0980392156862746
225,21.37813482698982,10.339818417639428,-11.146257724879835,8.334477759975586,3.8823529411764706
841,14.858178187437844,-6.251010910200657,1.5825131609063874,3.5645075150682843,2.607843137254902
225,34.99156391329652,14.507972838941022,27.072098878461894,9.681086442359044,1.9411764705882353
785,25.1723154613241,11.876096742198825,14.649118791485463,1.7395284962233921,1.156862745098039
1177,34.41629129013814,7.500419623102161,-18.04577706569009,9.375143053330282,1.784313725490196
1233,19.975776662123472,-3.7497520408941796,-3.9858091096360724,3.125047684443427,1.784313725490196
281,30.86277938578014,-0.724803540093081,14.230716411078049,19.818417639429313,2.411764705882353
785,34.43500086413077,8.74799725337606,13.593499656672009,4.126039520866713,4.8431372549019605
393,27.048838943856854,-5.000991836423285,17.5898374914168,9.728389410238803,3.235294117647059
337,30.849653365941275,3.114976729991607,13.695124742504007,20.206759746700236,4.901960784313726
1009,6.284422732069093,-0.8816662851911197,1.8562600137331202,0.9750514991989013,0.45098039215686275
1289,19.98395974586537,-3.7497520408941796,-3.748683909361411,3.125047684443427,1.784313725490196
841,44.17387085714304,0.00030518043793392735,-22.516365300984205,25.19569695582513,1.4705882352941175
393,31.331297261288974,15.51750972762646,-17.59441519798581,5.221637293049516,4.215686274509804
673,27.17747401372204,4.063477531090257,18.55939574273289,15.918211642633707,3.0980392156862746
1401,23.015240089851503,-3.1638056000610355,-6.209658960860608,6.250095368886854,4.294117647058823
1009,18.49465958630269,15.000534065766388,-3.5152208743419564,5.4695963988708325,0.19607843137254902
1289,24.532969790746847,-11.25108720531014,5.625543602655071,1.5625238422217136,1.156862745098039
281,33.75723367640513,7.8843366140230415,-26.704051270313574,14.616617074845502,3.568627450980392
841,21.735494707009806,-10.001068131532769,4.922407873655295,3.02738994430457,1.8627450980392157
449,17.81847732477919,5.278706034943159,-6.053101396200503,7.660028992141604,2.9019607843137254
561,40.22833438117041,-14.901655603875792,15.197528038452738,25.000381475547417,0.3137254901960784
337,34.22204638295914,13.31349660486763,-13.276722362096589,13.403524834058137,2.764705882352941
337,20.192654400013726,-6.105745021744106,1.8901350423437862,10.83085374227512,3.627450980392157
561,35.29146475705511,-2.8116273746852833,-13.88738841840238,20.01907377737087,4.980392156862745
897,27.51020265917699,13.124284733348595,-11.631494621194783,8.886854352635996,3.3529411764705883
785,15.193954918457347,1.250324254215304,-4.422522316319522,0.0,1.2745098039215685
617,29.47052758592347,-13.364766918440527,12.214694438086518,12.45136186770428,3.4313725490196076
393,30.541599066946084,-9.089799343862058,-8.047150377660792,21.89440756847486,4.490196078431373
953,40.445439286573354,9.999237048905165,11.192034790569927,26.696421759365226,2.0980392156862746
673,33.85695284056423,8.12359807736324,9.01396200503548,13.438620584420539,4.686274509803922
1121,20.830151953937353,-10.001068131532769,6.563057907988096,0.3906309605554284,1.2352941176470589
897,19.22376525709874,-7.500419623102159,13.243762874799728,6.2493324177920195,0.29411764705882354
169,36.177540482513365,19.32249942778668,-19.028152895399405,15.339131761654079,2.5294117647058822
225,26.484355868266732,8.635080491340506,16.68345159075303,9.032578011749447,4.549019607843137
1065,34.649381883080636,11.718623636224919,24.376745250629433,18.750286106660564,0.0784313725490196
561,24.463261092756884,-10.558327611200122,-7.843900205996796,0.0015259021896696422,4.529411764705882
169,33.15712009087421,6.285801480125123,23.073014419775696,19.568169680323493,4.450980392156863
449,14.595508215770893,2.783550774395362,-2.8313115129320217,9.195086594949263,1.0784313725490196
505,40.0513537288916,-1.3351644159609357,22.55939574273289,29.695582513160907,1.784313725490196
561,30.536737041297354,-3.67284657053483,25.067978942549786,12.702372777904936,2.235294117647059
785,32.17504335325974,6.250400549324787,-22.777294575417717,4.003967345693141,1.8431372549019607
1065,22.085494615824423,11.334096284428167,1.8745708400091559,2.5391012436102844,2.4901960784313726
225,34.12688965748031,11.360952162966353,-17.22545204852369,23.038834210727092,3.9607843137254903
281,34.628702629867504,-15.274586099031051,-7.680933852140079,16.84138246738384,4.235294117647059
225,33.41562222874768,16.12664988174258,-4.452735179674981,23.50499732967117,2.6862745098039214
561,29.42168092035837,14.18997482261387,-17.71160448615244,1.0734721904325932,1.4117647058823528
673,14.253220452853103,7.812314030670635,-3.9272144655527583,1.0254062714579995,2.0392156862745097
1065,19.380118987453326,-2.8952468146791794,-2.5209430075532175,0.0,0.45098039215686275
673,27.154135088607397,6.328526741435873,-12.187228198672464,4.711985961699855,4.686274509803922
281,44.81903493554296,-16.57404440375372,8.839093614099333,32.946517128252076,4.686274509803922
337,24.32290375763025,7.686579690241857,7.910734721904326,6.121156633859769,5.0
785,16.675718785819605,-4.374761577782865,0.000457770656900891,2.5551232166018156,1.8627450980392157
505,20.905631642513846,3.684443427176319,-8.67612726024262,11.85473411154345,3.6666666666666665
561,34.78787543871691,11.257190814068817,23.797207598992905,2.9541466392004274,2.3529411764705883
1009,14.500794292292298,-4.252689402609294,0.000457770656900891,2.0996414129854277,1.9019607843137254
617,50.32371601779277,-1.4847028305485601,-4.807049668116274,40.62561989776455,1.392156862745098
393,39.359762265801606,-7.115281910429541,8.367589837491415,31.94018463416495,1.9019607843137254
841,25.855298868543958,-0.15594720378423688,-13.444266422522315,7.977416647592889,3.7058823529411766
953,38.397289942769376,10.000457770656901,18.75074387731746,0.17318989852750438,0.9215686274509803
841,29.312058075950986,10.156710154879072,13.286793316548412,1.9478141451132982,3.1176470588235294
1121,25.567465197958178,-4.9997711146715496,-5.626459143968873,3.906309605554284,1.7058823529411764
393,43.5601672891987,-4.67200732433051,7.579308766308081,35.38948653391318,4.666666666666667
729,26.625925241079067,-2.499732967116806,-7.41634241245136,17.089341573205157,1.0392156862745099
673,23.517676089013893,-10.000457770656901,-3.748683909361411,2.929732204165713,1.7450980392156863
337,24.03678825098184,-8.500190737773709,-16.11764705882353,9.63912413214313,4.529411764705882
785,21.691541282097976,-0.00030518043793392735,12.244907301441977,5.9937438010223545,3.1960784313725488
337,35.0094469137008,-6.867475394827192,1.525749599450677,26.523231860837722,4.0588235294117645
841,22.67236264742993,-4.938735027084764,-0.4682993820096115,8.56946669718471,4.0588235294117645
1009,11.715936889425238,0.3121995880064077,8.201876859693293,3.1242847333485924,0.23529411764705882
1009,29.055171377823623,-11.249866483558403,0.000457770656900891,14.818036163881896,0.9607843137254902
337,34.58077319636616,2.013275349050126,28.891279468986035,6.240177004654002,2.4901960784313726
281,32.968942958671306,1.1978332188906684,-13.552300297550929,21.584649423971925,4.411764705882353
505,12.61748062740808,-0.7827878233005272,-1.2895399404898136,5.859464408331426,3.372549019607843
729,31.09324166940614,-13.437399862668803,20.625772487983518,8.903639276722362,0.27450980392156865
729,29.74793647089092,9.999847409781033,-12.189059281300068,12.10955977721828,4.549019607843137
1065,14.035030570884686,-0.00457770656900891,-0.019684138246738314,6.250858319981689,2.4705882352941178
505,29.974608199242354,0.03997863736934448,-13.755550469214924,20.471503776607918,1.0588235294117647
785,28.7636974020489,-8.749828336003663,0.000457770656900891,16.817730983443962,1.0392156862745099
785,44.802793192038294,2.475318532082092,6.504463263904782,37.9644464789807,1.4313725490196079
1121,45.71006135017716,15.000534065766388,-7.499656672007326,30.909437705043107,1.156862745098039
785,24.087071372135526,-11.0942244602121,0.16708628976882522,12.817578393224995,1.6862745098039216
281,24.3942377950739,12.30457007705806,-2.6976424811169615,10.100709544518196,4.980392156862745
785,39.73165898301307,13.86831464103151,17.827878233005265,19.62920576791028,2.1372549019607843
785,24.43051540125218,-7.501029983978027,-9.880979629205768,13.322652018005646,1.6470588235294117
1009,31.664074397890115,5.000381475547417,-19.682764934767683,6.640726329442283,1.1372549019607843
1121,28.347506292180228,-10.001068131532769,-11.250629434653238,4.785229266803998,1.7058823529411764
561,41.08428077768335,7.227588311589226,22.49347676813916,25.226214999618524,2.215686274509804
897,25.738681941205023,-8.751049057755399,-3.7495994506752126,15.381094071869994,1.0196078431372548
1009,32.643155500388964,15.829404135194935,20.625772487983518,13.280689707789731,0.0784313725490196
841,43.51619673558279,8.357976653696497,7.734950789654384,34.39993896391241,1.392156862745098
729,31.47804917016806,4.688487067978944,12.42160677500572,15.674067292286564,4.352941176470588
1121,33.41585580928294,-10.000457770656901,-6.561226825360496,10.937666895551995,0.7647058823529411
393,39.34887397131618,19.342030975814453,10.833142595559622,5.363546196688792,4.8431372549019605
1009,19.140734056022914,-6.250400549324789,-1.81506065461204,3.8086518654154267,2.450980392156863
617,26.458775876355265,-2.490577553978788,-3.0464637216754404,14.45334554055085,3.0784313725490198
953,19.391396876337247,-3.1253528648813607,-2.3424124513618665,0.0,0.45098039215686275
225,50.66307888326181,-4.73731593804837,0.5992217898832699,45.5016403448539,4.9411764705882355
617,34.027885709617465,-19.027695124742504,17.01853971160449,13.061722743572137,2.764705882352941
1289,18.124543545380764,-2.5003433279926774,-1.4076447699702435,0.0,0.49019607843137253
449,39.75230146118511,-13.132829785610742,23.104142824444956,20.450904097047378,4.490196078431373
617,10.74283296147571,1.4651712825207888,-1.4415197985809094,3.5400930800335697,3.6666666666666665
449,12.550410385990576,-1.6690318150606558,-4.749370565346762,0.7675288014038301,4.705882352941177
281,35.4274835177353,2.670634012359809,-3.4905012588693047,28.61371786068513,2.7254901960784315
393,33.60192909802855,12.819104295414661,11.576562142366676,18.432898451209276,4.764705882352941
785,26.912351259996875,-10.626077668421454,-5.625543602655071,11.32753490501259,2.941176470588235
841,29.256268462244922,13.533226520180058,-6.650949874113071,13.769741359578852,3.0
449,34.6937392218159,-10.5986114290074,-10.768139162279699,7.7378500038147555,4.88235294117647
561,24.305716922095076,8.984817273212787,6.718699931334399,5.508506904707408,4.372549019607843
617,32.9800010246164,-8.124818799114976,-7.996795605401694,21.190966659037155,3.0392156862745097
337,21.462720770509435,-0.2609292744335079,-7.6827649347676825,17.798886091401542,2.803921568627451
281,6.61048429242506,-0.11261158159761919,0.2137788967727161,1.0734721904325932,2.4313725490196076
225,24.658529500498638,3.790035858701458,8.027924010070954,18.484779125658044,1.156862745098039
1009,43.87632929095553,0.00030518043793392735,-20.625772487983518,28.028534370946822,0.8627450980392157
617,19.99021548962343,-4.52674143587396,-8.89219501029984,0.2929732204165713,3.941176470588235
953,41.914141071542005,-6.250400549324789,-18.750743877317465,20.31357289997711,0.7647058823529411
449,44.98744861611442,-5.3391317616540785,13.533989471274893,32.57495994506752,4.372549019607843
617,38.74222844013012,19.999389639124132,15.585717555504694,22.85191119249256,1.588235294117647
729,16.022621751987092,1.2491035324635682,10.08239871824216,1.9470511940184634,1.9607843137254901
897,29.833877723393087,-15.000534065766384,4.830853742275117,11.718928816662851,2.215686274509804
617,26.119499276234478,6.4054322117952225,13.156786449988559,6.997787441824979,3.7450980392156863
953,27.09963012565622,11.640497444113834,-11.250629434653238,1.326009002822919,2.6470588235294117
225,45.64391854848046,15.934386205844206,15.243305104142827,37.38841840238041,1.7058823529411764
225,27.56082428934807,-8.881055924315252,-19.83108262760357,12.673380636301212,4.588235294117647
729,43.104740701233936,-1.8954757000076299,18.603341725795374,31.25047684443427,0.9411764705882353
841,33.2932572332956,9.531700617990388,-13.124742504005493,15.107957579919127,3.5098039215686274
505,34.80633441175608,8.891432059205005,3.3009842069123394,21.92416266117342,3.803921568627451
673,46.10721934672863,12.812390325780115,24.227512016479743,26.367589837491415,4.019607843137255
897,21.607697134882326,-0.30426489662012557,-7.500572213321128,0.0,0.45098039215686275
1009,38.526040644538355,1.8759441519798585,28.124971389333943,25.000381475547417,0.09803921568627451
561,34.576574323515345,18.74937056534676,12.634012359807734,12.10955977721828,3.980392156862745
225,38.39600258097286,-17.087968261234455,15.325703822384988,17.28160524910353,4.96078431372549
897,31.892517830700456,12.499885557335773,10.430304417486838,12.846570534828718,2.176470588235294
785,30.185125038387888,0.6253147173266207,-13.125658045319295,15.247577630273899,1.5686274509803921
729,40.34098150599843,-12.030518043793393,13.47631036850538,25.000381475547417,0.3137254901960784
673,50.24828826905576,10.606546120393684,-22.23620965896086,32.81300068665598,1.5490196078431373
953,23.460573813475385,12.81361104753185,-0.000457770656900891,2.7100022888532846,2.4901960784313726
449,33.69667410565201,14.180819409475852,1.027695124742504,23.598840314335852,4.627450980392156
729,15.17703808856067,-0.7687495231555665,-0.23392080567635531,0.3906309605554284,3.411764705882353
1009,37.73703029154573,11.25047684443427,-14.803845273517968,9.375143053330282,1.2352941176470589
393,24.66035081948523,-4.410772869459068,5.98992904554818,17.55168993667506,4.627450980392156
1065,57.41899923860974,13.124284733348595,-30.0,31.25047684443427,1.7058823529411764
785,27.504208784444945,-14.766765850308996,3.281757839322502,13.669794766155489,1.6862745098039216
393,35.137383526191485,16.63874265659571,-20.412451361867703,6.982528419928283,1.5098039215686274
1177,41.66206117821909,14.999923704890513,11.016250858319985,22.45975432974746,0.7647058823529411
729,19.10431939595901,-0.4586861982146928,-5.216296635385671,6.671244373235676,4.411764705882353
1009,8.461227450630048,1.6495002670328844,4.219272144655527,4.687571526665141,0.27450980392156865
225,51.95080461850474,0.6179903868162064,-15.862211032272832,47.387655451285575,1.1764705882352942
841,28.960363384405262,16.87495231555657,-3.751430533302816,0.976577401388571,2.4901960784313726
617,28.19519435485187,-8.204165712977797,-14.580453192950332,5.615320057984283,3.156862745098039
169,60.267217355894246,-18.9575036240177,-19.105058365758754,44.324406805523765,4.9411764705882355
1401,37.9164915000564,0.00030518043793392735,3.7505149919890144,25.001144426642252,0.47058823529411764
505,39.240915499810235,-15.261158159761958,-26.104371709773403,12.330815594720379,4.509803921568627
1121,41.18639615707319,-2.071259632257572,-18.750743877317465,20.31204699778744,0.803921568627451
1065,17.81446056178057,-5.196307316700999,3.516136415655758,3.125047684443427,1.9411764705882353
1065,39.99581728560314,-4.999160753795682,-22.500801098649575,13.379110399023423,2.2941176470588234
337,28.679175035638032,13.763942931258107,-0.9196612497138936,10.550087739375906,5.0
505,47.26514446340447,-8.244449530785076,13.87182421606775,31.573968108644237,3.7058823529411766
897,39.79100148840632,-5.440451667048142,-20.157015335317006,16.357671473258563,2.6470588235294117
1457,27.177303801162484,6.250400549324787,-14.767223620965897,6.250095368886854,1.8627450980392157
673,28.157976098482905,3.047837033646143,-17.797665369649806,3.5797665369649807,3.9215686274509802
393,29.575463794744433,0.14679179064621906,5.154039826047153,21.414511329823757,3.235294117647059
841,38.89909772384196,-17.500572213321128,-17.437857633325706,10.156404974441138,1.6666666666666667
393,31.602170727788987,3.9633783474479287,0.6312657358663323,12.042420080872816,4.8431372549019605
281,23.685542117495675,15.120164797436487,10.411078049897,5.965514610513466,3.9607843137254903
169,21.830091028114783,13.555809872587169,12.979171435111006,4.665445944914931,2.2549019607843137
953,17.0436829940179,-5.000381475547417,-3.2808422980086966,0.12130922407873655,1.156862745098039
225,36.685506415240425,12.538338292515448,15.109636072327767,18.756389715419242,5.0
225,19.750010907389736,0.5032425421530498,12.97093156328679,7.887388418402381,4.549019607843137
505,39.74997364203473,-17.518883039597164,19.39436942092012,10.156404974441138,3.607843137254902
505,52.154583572825956,-18.425879301136796,-28.801556420233464,24.292362859540702,3.8235294117647056
673,24.04046127998432,-9.095292591744869,-3.941863126573587,18.36728465705348,4.0588235294117645
897,44.333857016854374,-12.383916990920882,-18.706797894254976,28.125429159990844,2.215686274509804
729,18.759712186049807,1.2509346150911718,-12.66056305790799,0.5294880598153658,4.686274509803922
281,37.9310492106774,-5.561303120469978,13.869993133440147,24.995040817883574,4.431372549019608
617,31.668625434667334,10.43015182726787,-17.34172579537652,8.116273746852826,4.019607843137255
337,42.34505422274103,7.132982375829709,17.148546578164343,23.891813534752423,4.176470588235294
729,42.92167977394334,6.483558403906308,18.823987182421604,25.464255741206987,2.215686274509804
673,17.725686948892562,-8.984817273212787,3.525291828793776,4.419012741283284,4.686274509803922
505,40.92364870755989,2.1902800030518037,-29.39574273289082,16.41870756084535,2.549019607843137
1177,10.429829950754819,4.218509193560692,5.1577019913023605,1.5617608911268788,0.21568627450980393
449,36.870886334325334,-9.156939040207522,3.836575875486382,25.7953765163653,4.686274509803922
281,38.112470709564136,-8.662546730754558,-26.57953765163653,11.74563210498207,3.8627450980392157
225,42.19547006380828,16.738841840238038,25.803158617532617,20.759136339360648,2.4901960784313726
953,20.506590135314546,7.4619668879224825,15.000686655985348,6.2493324177920195,0.13725490196078433
841,33.45003272407852,-3.124742504005493,-23.90707255664912,2.627603570611124,2.411764705882353
1065,18.72942933689701,2.500343327992674,-7.50148775463493,0.7812619211108568,1.2352941176470589
673,29.047514517227256,-4.688487067978942,-13.184252689402609,3.5027084763866636,4.96078431372549
673,23.635165275442517,-8.125429159990844,8.670634012359805,15.625238422217135,0.43137254901960786
673,28.446838710067386,16.307927061875333,-13.140306706340123,7.864499885557335,2.6862745098039214
1177,17.415558138681384,-1.8747234302281228,-3.24147402151522,5.224689097428855,3.156862745098039
505,24.496051959634613,1.8844892042420085,-0.029755092698557917,16.16693369954986,3.803921568627451
505,33.35802462591741,-7.396047913328756,-2.9274433508812088,18.226901655603875,4.686274509803922
953,39.573350810564506,-15.000534065766384,26.25085831998169,20.311284046692606,0.19607843137254902
1289,17.038373183687487,-5.000381475547417,-3.51705195696956,0.09689478904402228,1.156862745098039
561,13.111190783797076,2.109712367437247,-3.396200503547721,2.832074464026856,2.1176470588235294
393,15.987758404141564,-9.642786297398336,5.1284046692607035,5.353627832455939,3.392156862745098
225,51.47649812000104,-12.069581139848935,19.42000457770657,42.10040436408026,3.9019607843137254
673,12.51286303910872,3.7668421454184795,1.7573815518425278,4.055848020141909,3.2941176470588234
953,30.819670335918246,10.156710154879072,-2.813916227969788,18.750286106660564,0.37254901960784315
337,42.02348536100652,14.907759212634467,-24.402380407415883,21.708247501335165,3.215686274509804
1009,14.25186786718616,-3.1259632257572285,0.000457770656900891,0.0,1.2352941176470589
1401,25.53871495240969,-7.499809262226291,-3.6543831540398273,9.374380102235447,2.1372549019607843
785,31.751695002593664,2.5290302891584666,-11.952849622339208,19.53154802777142,1.0
1009,35.30426905313898,17.501182574196996,-15.000686655985351,5.468070496681163,1.9019607843137254
729,15.796150738922208,-4.141603723201342,-1.5230029755092716,3.71099412527657,2.5294117647058822
841,34.518324353566335,13.28236820019837,8.376745250629433,22.57114518959335,2.235294117647059
561,26.108593620662575,6.329137102311741,13.478141451132984,13.708705271992065,2.2941176470588234
1009,48.86387050281295,0.00030518043793392735,-22.500801098649575,25.294117647058822,0.7647058823529411
673,23.29862118039958,1.3479819943541607,-3.7203021286335556,13.965056839856565,3.0392156862745097
953,28.596091767907424,-14.60868238345922,13.242847333485926,6.494239719233997,1.9803921568627452
281,33.430771575068164,19.085069047074086,3.8640421149004354,12.935072861829557,4.96078431372549
505,18.038686828437545,-1.30830853742275,-5.54772259098192,2.9922941939421683,4.607843137254902
393,41.83555836539308,16.583199816891735,-19.160906385900663,22.75349050125887,4.176470588235294
505,22.11108109591142,6.915083543144885,-11.366903181506064,2.911421377889677,4.098039215686274
169,41.08060957475469,19.93713282978561,29.014877546349283,2.8343633173113605,2.6862745098039214
953,25.52919107607344,-5.52651255054551,-5.625543602655071,3.906309605554284,1.7058823529411764
225,47.09842827248643,-5.158464942397192,16.492103456168458,34.84092469672694,4.352941176470588
337,24.41959362841166,8.253604943923094,7.235065232318611,13.440909437705043,4.431372549019608
617,26.80020986670198,-16.367742427710382,-2.745250629434654,6.202029449912261,4.333333333333333
505,6.329359220693538,-0.6094453345540565,0.867475394827192,2.3445487144274053,0.6274509803921569
1345,22.641369284535024,-7.516899366750591,4.688029297322039,3.906309605554284,1.8627450980392157
505,12.913535812848284,-5.077286945906767,2.5438315403982585,0.7202258335240711,4.764705882352941
1233,26.656885625643486,-8.20904859998474,3.7505149919890144,4.687571526665141,1.784313725490196
393,46.360083883867105,0.6839093614099347,1.295948729686426,41.40688181887541,0.8235294117647058
337,26.88789888065984,-6.725871671625848,19.268024719615475,5.087357900358587,3.3529411764705883
393,23.722917168946825,-1.5567254139009705,3.772487983520257,17.969024185549706,2.588235294117647
1177,17.04362358074027,-5.000381475547417,-3.2808422980086966,0.11749446860456245,1.156862745098039
953,13.11356774921778,0.9372091248950944,9.844357976653697,4.688334477759976,0.21568627450980393
1289,18.133899277120925,0.31280994888227553,-5.626459143968873,3.125047684443427,1.8627450980392157
1177,61.30413078442041,-19.688715953307394,-7.500572213321128,40.62561989776455,0.5294117647058824
673,31.59165400557447,7.032272831311513,-17.57793545433738,9.912260624093996,2.4705882352941178
673,52.327248537420914,-15.157396810864423,-26.4632639047837,26.562905317769133,2.8823529411764706
337,36.568524088741626,-15.804379339284353,-10.672007324330512,23.556115053025103,4.313725490196078
1065,30.917773116622996,-14.532387273975738,-18.67750057221332,6.250095368886854,1.1372549019607843
169,27.61919907087567,9.130083161669337,17.148546578164343,16.543068589303427,2.4705882352941178
673,30.29030004660754,18.765239948119323,0.3868162050812529,17.88891432059205,2.5098039215686274
1121,4.811235023419854,-0.00030518043793392735,0.40970473792629747,0.13504234378576332,0.5098039215686274
841,21.853464703590383,-12.285648889906156,-2.9869535362783246,5.188067444876784,3.7450980392156863
953,34.8420489324116,0.05279621576256943,-16.640421149004347,14.84397650110628,2.0980392156862746
281,50.24308125195528,19.326771953917756,-28.342870222018767,18.030823224231327,4.529411764705882
953,18.77386586701532,12.50049591821164,8.905012588693062,4.687571526665141,0.13725490196078433
673,29.631126405772108,2.500343327992674,0.5589379720759915,21.87533379110399,0.49019607843137253
449,13.9040371830201,-11.040512703135729,0.11673151750972721,0.030518043793392843,2.803921568627451
1233,37.414503666283245,0.624093995574885,14.648203250171662,24.21911955443656,0.9215686274509803
953,34.32165459201327,-18.750591287098498,-3.7495994506752126,11.256580453192951,1.4313725490196079
225,25.326049173427585,1.562829022659649,-21.49645227740902,8.903639276722362,2.235294117647059
1065,49.168074179083895,-0.00030518043793392735,13.124742504005496,32.85648889906157,2.0588235294117645
953,27.746046258562053,3.7503624017700474,-9.373769741359578,12.108796826123445,2.843137254901961
1177,24.20724817453702,-10.000457770656901,-3.748683909361411,1.5625238422217136,1.0784313725490196
281,22.09364638391354,-2.3428702220187674,-17.802243076218815,3.9337758449683373,4.823529411764706
281,26.261649429585926,-1.567711909666592,10.668345159075301,18.891432059205005,4.647058823529412
953,11.361122885513785,8.281681544213015,0.7026779583428713,2.75043869687953,0.21568627450980393
1009,22.599672287679383,4.9997711146715496,16.874799725337603,7.029831387808041,0.13725490196078433
561,14.784953244903278,-2.750591287098498,-0.9956511787594415,5.2979324025329975,4.647058823529412
561,43.74739755959939,-19.884641794460975,4.991073472190429,21.876096742198825,4.215686274509804
449,20.57210900652409,-10.044403753719386,-3.9253833829251548,5.517662317845426,4.372549019607843
393,24.53497094537252,2.189059281300068,-13.408560311284045,17.524223697261007,2.1372549019607843
1065,22.96993020544501,16.875562676432438,8.437170977340351,5.076676585030899,0.11764705882352941
1009,23.559890814985433,-5.000991836423285,-7.500572213321128,0.0,0.37254901960784315
1121,18.605387347814393,1.1721980621042185,15.000686655985348,7.032120241092546,0.1764705882352941
505,52.72052206729043,-17.17158770122835,19.40901808194095,38.28259708552682,3.0588235294117645
281,18.03119889904911,-7.341725795376517,1.9276722362096592,11.657892729076066,3.1372549019607843
337,32.08224795136199,1.3980315861753247,18.33417257953765,15.410086213473717,4.215686274509804
281,24.514345525709146,1.1465629053177686,13.693293659876403,14.337376974135958,2.372549019607843
897,42.70669235653276,18.750591287098494,25.32707713435569,8.642710002288853,1.6470588235294117
673,34.99118192955859,7.202563515678644,7.26527809567407,22.265964751659418,1.6274509803921569
841,34.649556031252914,-15.624933241779202,8.496681162737467,8.851758602273595,4.294117647058823
113,40.2188709008173,-6.935225452048524,9.670405127031358,33.61409933623255,4.764705882352941
729,21.908775745463807,-0.00030518043793392735,9.165026321812775,5.590905622949569,4.529411764705882
897,38.59787789146998,-14.29800869764248,-19.864042114900435,2.3682001983672847,2.3333333333333335
953,43.82613471540737,-3.7497520408941796,8.336461432822155,31.25047684443427,1.7450980392156863
449,34.83605825478646,12.968642710002285,12.04074158846418,22.89463645380331,3.7058823529411766
393,44.77874457878215,15.707942320897232,-18.77912565804532,25.19417105363546,5.0
225,37.93203478615406,-4.10803387502861,-17.044174868390936,25.748836499580378,3.019607843137255
1065,37.019311456168914,17.501182574196996,5.624628061341269,18.297856107423513,0.8431372549019608
785,19.618516847249854,-5.000381475547417,-1.2684824902723726,3.125047684443427,1.803921568627451
841,27.602272963164218,-13.750514991989014,7.793545433737698,6.9077592126344705,3.1372549019607843
785,18.39806476262477,-0.6643778133821634,4.3968871595330725,12.500190737773709,0.3529411764705882
393,29.848736619134,-14.336461432822155,-10.207827878233005,16.87266346227207,4.450980392156863
617,51.54924151565699,-5.585717555504692,-7.500572213321128,45.03547722590982,0.8431372549019608
617,32.53026038254579,-1.1337453269245437,16.802471961547262,18.33218890669108,3.0
561,37.13505300399076,12.20752269779507,-20.213778896772716,15.088120851453422,3.156862745098039
841,18.874521113614012,-2.968490119783322,-5.441519798580909,4.9034866865033955,4.529411764705882
841,29.90749067451116,-2.420996414129853,-14.341496910048066,10.327306019684139,4.568627450980392
393,9.80545213390422,-0.5685511558709102,0.4948500801098632,0.9529259174486915,4.980392156862745
169,40.69215607048739,18.261692225528343,29.93774319066148,5.403219653620203,4.7254901960784315
505,15.63259410484168,-1.718471046005952,-3.5143053330281546,5.789272907606622,3.843137254901961
393,24.802294506638937,2.403295948729685,17.946898603799497,1.9478141451132982,3.2745098039215685
897,26.25402546918038,-10.000457770656901,-3.748683909361411,3.5156786449988555,1.7058823529411764
449,46.91778257182391,-19.757076371404594,-20.859235523002976,17.969024185549706,2.9215686274509802
785,10.014938222376578,5.85976958876936,3.6910048065918986,2.8305485618371864,0.21568627450980393
1065,34.326312415694225,0.00030518043793392735,-14.720531013962004,11.328297856107424,3.2745098039215685
673,30.15814979822136,0.000915541313801782,-14.619821469443808,12.573434042877851,2.764705882352941
393,25.850598842343622,-17.520714122224767,-5.552300297550929,12.990768291752499,2.0784313725490198
1065,23.867303030648053,-3.5263599603265448,-9.199816891737239,6.2745098039215685,3.6666666666666665
393,27.615740591939172,-1.8759441519798585,21.056076905470363,8.25436789501793,1.9411764705882353
281,29.85134904819921,17.67940794995041,-2.7306019684138256,16.694895857175556,3.176470588235294
673,9.856386499565808,-0.2725261310749971,-1.1723506523231855,0.0,3.4705882352941178
897,26.751246042459186,-8.124208438239108,1.8754863813229576,11.328297856107424,2.215686274509804
1289,32.085549307106724,-4.9997711146715496,-7.967498283360037,20.31204699778744,1.6862745098039216
785,16.533509658421167,0.00030518043793392735,-4.220187685969329,0.7812619211108568,1.2156862745098038
953,29.723630943427402,0.00030518043793392735,-8.570840009155415,16.601052872510873,0.9607843137254902
617,22.953614527766696,3.43846799420157,-12.42160677500572,4.126039520866713,3.980392156862745
729,18.369257547623736,-3.358510719462881,2.8715953307392965,6.640726329442283,2.7254901960784315
281,36.85374941944774,14.603799496452275,19.086747539482722,1.197833218890669,4.980392156862745
393,29.813102565803565,5.354390783550773,15.055619134813462,21.507591363393608,1.1176470588235294
505,27.98171033893044,9.910124361028458,-11.528038452735181,7.42198825055314,3.5294117647058822
897,25.393006477216645,-6.093537804226749,-5.157701991302357,3.71099412527657,1.7058823529411764
225,54.049102890930115,-1.3272297245746536,20.237582970931562,40.21057450217441,4.333333333333333
897,21.374754793070935,4.999160753795682,9.495536736095218,5.590905622949569,3.784313725490196
281,23.76130071857301,3.354848554207674,-12.798809796292058,15.170519569695582,2.843137254901961
897,19.125721770696515,-7.56267643244068,-11.165484092469672,6.965743495841917,4.529411764705882
953,39.82703941325784,3.1259632257572285,-25.781185626001374,12.500190737773709,1.0784313725490196
393,58.62809195598564,-19.799801632715344,-23.15449759670405,43.71557183184558,3.843137254901961
953,42.87850506735727,10.391699092088196,28.243076218814373,5.957122148470283,2.2549019607843137
841,28.143460484273128,10.088349736781872,-3.6662851911192504,15.625238422217135,2.411764705882353
561,46.490648351920676,11.055161364156557,7.50148775463493,35.66948958571756,2.1176470588235294
729,20.03697218762244,-10.93797207598993,2.4623483634699,5.982299534599832,4.450980392156863
673,28.329122845226962,-10.93797207598993,14.238040741588463,6.849774929427023,3.4313725490196076
1065,22.00296862611397,-4.140993362325474,-7.266193636987868,10.99870298313878,2.2549019607843137
841,33.66550933115366,-5.733424887464713,2.457770656900891,21.87533379110399,3.156862745098039
505,37.02704395708348,9.999847409781033,10.142824444953078,24.206912336919203,2.176470588235294
393,25.788060188611954,-10.364232852674144,-4.735637445639735,16.80781261921111,3.8235294117647056
449,18.454244479268564,13.14564736400397,-6.240787365529869,6.507209887846189,4.392156862745098
841,19.381754973249986,-2.812237735561151,-2.5795376516365316,0.0,0.45098039215686275
505,41.617740383246804,12.206912336919203,14.326848249027236,26.26993209735256,2.215686274509804
393,28.3464288587641,-1.4834821087968244,-13.934081025406272,13.47676813916228,2.196078431372549
393,24.695094117419856,-10.082856488899061,6.233463035019454,10.917067215991455,4.823529411764706
841,37.926915407006135,18.827496757457844,-9.780270084687572,14.45334554055085,4.254901960784314
1177,11.513977076124641,5.000991836423285,3.983978027008469,6.250095368886854,0.23529411764705882
281,34.83622194290924,-5.904325932707714,15.267109178301673,26.05935759517815,1.1372549019607843
1233,17.03365018316268,-4.374761577782865,-3.7505149919890144,0.2021820401312276,1.156862745098039
897,40.9342051192788,17.501182574196996,18.28198672465095,2.734416723887999,0.9215686274509803
393,43.76974471705415,-8.893263141832609,3.748683909361411,39.121843289845124,2.1372549019607843
449,29.240989720338305,-1.0794232089723046,5.791256580453194,24.319829098954756,1.2941176470588236
785,30.6356921988247,-12.03112840466926,7.96932936598764,14.197756923781185,3.588235294117647
281,32.62653637229403,-17.001907377737087,20.634012359807734,0.4379339284351873,4.823529411764706
953,11.984288164643745,4.608529793240255,-0.000457770656900891,2.635996032654307,2.6666666666666665
337,31.166116117957,-5.837796597238118,7.978484779125658,26.037994964522774,1.3333333333333333
281,26.838981018812284,7.566338597695889,13.548638132295721,14.875257495994507,4.450980392156863
449,41.23086948121646,17.930266269932098,21.467154955367363,15.808346684977494,3.0588235294117645
449,53.47127856905641,-1.9906919966430152,-9.882810711833372,46.82383459220264,2.9607843137254903
953,33.223931448810276,-12.499885557335775,-4.79972533760586,13.280689707789731,2.2549019607843137
393,51.26035745126932,0.17547875181200823,0.7914854657816441,48.96391241321431,1.0588235294117647
729,35.5519100167754,-5.000381475547417,26.953994048981457,18.748760204470894,0.13725490196078433
617,47.71221613285475,8.515449759670407,-6.986953536278325,38.27649347676814,3.1960784313725488
897,32.70104928937929,13.125505455100331,-19.68734264133669,0.0007629510948348211,0.5490196078431373
1121,25.44504210962975,-6.426794842450599,-4.922407873655299,8.48401617456321,2.7254901960784315
1401,36.752860009345355,0.00030518043793392735,-15.000686655985351,12.500953688868544,2.019607843137255
1065,26.879033140843937,-4.686655985351338,2.9301899748226106,14.062714579995422,4.88235294117647
617,27.732638707293535,-5.5155260547798886,5.230945296406503,10.93842984664683,2.215686274509804
393,13.812206957982173,-0.17547875181200823,-1.2053101396200496,3.125047684443427,2.019607843137255
393,50.85271834205609,-7.7500572213321135,5.074387731746398,39.975585564965286,4.666666666666667
729,42.14188234581657,11.146715495536736,20.039826047150378,22.265964751659418,2.1372549019607843
673,40.883097431161175,16.64118410009918,26.177615014877546,8.789959563591975,1.6862745098039216
1009,21.708148051127246,6.016632333867399,16.875715266651405,8.007171740291447,0.13725490196078433
393,11.275511228382923,3.6160830090791194,-3.1718928816662846,7.959105821316854,0.5098039215686274
337,46.54823873473919,-13.68337529564355,6.3341725795376504,38.38254367895018,3.313725490196078
617,19.627583479724784,6.190585183489738,11.755092698558023,1.8158236057068742,4.705882352941177
617,42.91884320956327,18.43869687953002,28.829022659647514,1.6601815823605708,1.196078431372549
1065,29.874179764714317,9.374837872892346,22.500801098649575,13.279926756694897,0.09803921568627451
617,48.32517202545388,3.124742504005493,12.84275577935454,37.84237430380713,1.4509803921568627
393,26.415641535252348,10.720683604180973,-13.970702677958343,1.398489356832227,1.588235294117647
337,22.25266760283923,-6.556191348134584,-0.01785305561913475,14.28854810406653,3.176470588235294
393,33.30363815413548,-18.43015182726787,-21.971618219272145,3.5164415960936903,3.1372549019607843
449,38.34185880778552,12.19653620202945,10.258182650492103,25.146868085755703,2.1372549019607843
1009,36.38384082416499,5.2353704127565415,-3.6910048065918986,23.437857633325702,2.4901960784313726
1177,39.590106668763234,-1.2491035324635682,10.312199588006408,25.000381475547417,0.9607843137254902
449,18.399338735513993,0.16815442130159397,-8.409704737926297,6.289768825818265,3.8235294117647056
1401,37.031115348839464,0.00030518043793392735,-15.939116502632181,18.750286106660564,0.8431372549019608
1065,38.13282232005631,-15.624322880903334,9.69695582513161,14.062714579995422,2.803921568627451
729,28.7994009191163,6.445716029602501,-11.248798352025634,15.918211642633707,2.3333333333333335
449,31.031631207490193,11.97436484321355,21.895628290226597,1.995880064087892,2.4313725490196076
1065,23.20618315186283,-6.260776684214543,-11.227740901808193,3.906309605554284,3.1960784313725488
1233,18.674066713295574,-2.4014648661020814,-3.7505149919890144,1.5625238422217136,1.156862745098039
561,26.988661975851116,1.932707713435569,10.301213092240786,10.937666895551995,4.88235294117647
561,17.81482557603105,-10.25436789501793,-4.175326161593041,1.999694819562066,3.980392156862745
673,25.22653364197067,-1.8368810559243158,-21.446097505149922,8.71519035629816,2.1372549019607843
1457,15.230435766635344,-0.003356984817273201,0.000457770656900891,0.0007629510948348211,1.1372549019607843
897,22.945556647948845,-7.5577935454337375,6.562142366674294,3.906309605554284,3.3529411764705883
113,41.593301858823246,14.28397039749752,11.13160906385901,34.72266727702754,3.1372549019607843
841,5.992190403536287,1.874113069352255,0.4682993820096115,0.9758144502937361,0.3333333333333333
729,52.31659446936051,-3.1638056000610355,-4.219272144655527,46.87647821774624,0.8627450980392157
393,28.62966695758503,-17.578698405432213,9.920347905699245,5.575646601052872,3.2941176470588234
449,27.51699523922295,-8.745555809872586,-0.22201876859693215,22.070649271381704,1.3137254901960784
785,16.38042833600211,-0.8206301976043342,0.9159990844586865,0.0007629510948348211,0.8235294117647058
561,34.922361118329526,-11.8461890592813,15.765163653009843,21.87838559548333,2.4313725490196076
841,14.888651223004441,2.6553749904631125,1.8745708400091559,4.870679789425497,4.627450980392156
337,32.984971552688386,-17.20027466239414,6.576791027695123,16.832227054245823,4.88235294117647
729,39.0840496906317,-8.124208438239108,9.141222247653928,25.000381475547417,0.37254901960784315
785,27.981338497768146,-7.500419623102159,-5.038681620508125,10.357824063477532,1.4705882352941175
281,22.258225036522475,14.379797055008773,5.545891508354316,0.2021820401312276,4.568627450980392
953,29.93107031061834,-2.5003433279926774,12.987411306935222,15.636682688639658,2.2941176470588234
337,36.833238897745424,-18.17441062027924,-14.110780498970016,25.853360799572748,1.0784313725490196
225,21.474440210168527,2.8525215533684296,15.927214465552758,2.6413366903181505,3.3333333333333335
617,52.42172676134509,19.04356450751507,-15.059281300068665,36.7200732433051,2.411764705882353
561,52.71485168470984,-17.207598992904554,5.310597390707258,44.53269245441367,2.4705882352941178
1121,27.474837499683176,-8.375677119096666,0.000457770656900891,3.906309605554284,1.7058823529411764
1345,17.138259737403935,-3.7497520408941796,-3.7926298924238964,0.3906309605554284,1.156862745098039
225,35.10902866001054,4.769665064469368,-26.745250629434654,17.93469138628214,2.7058823529411766
337,39.165722285475745,2.1963836118104823,21.305104142824447,26.285191119249255,4.411764705882353
785,14.895691421150307,-3.1259632257572285,-2.3433279926756683,0.0,1.196078431372549
225,26.196954835109022,-13.370870527199205,12.962691691462574,12.51621271076524,3.0980392156862746
393,20.665686959424512,-8.290836957351035,0.02243076218814366,14.879835202563516,2.215686274509804
841,20.20190089341185,1.8747234302281228,-7.498741130693521,6.05477988860914,4.588235294117647
1065,26.316068392543624,-6.251010910200657,-8.438086518654153,9.152361333638513,2.7254901960784315
337,20.910704580786366,-7.940489814602884,-10.172121766994735,5.0881208514534215,4.588235294117647
673,32.23633359872397,11.251087205310139,15.93820096131838,0.3906309605554284,1.0
1233,19.417543529680202,5.000381475547417,0.12497138933394325,12.500190737773709,0.3333333333333333
281,28.45973343016591,-9.809414816510262,-0.766765850308996,20.401312275883114,4.235294117647059
393,28.33652022020234,-2.40756847486076,-7.469443808651864,17.265583276112,4.529411764705882
729,29.281325669417985,7.181200885023269,9.579766536964982,14.92942702372778,3.019607843137255
1065,28.461899321883656,-6.561684596017395,-7.96932936598764,11.132982375829709,1.4705882352941175
729,34.65558590475442,-1.8753337911039907,15.528038452735181,19.922941939421683,1.6274509803921569
673,30.653457343759268,-10.323338673990998,14.76539253833829,11.908140688181888,4.549019607843137
1121,26.966870419555445,14.999923704890513,15.93820096131838,8.692301823453116,0.09803921568627451
897,26.53060426639866,12.968032349126418,-7.061112382696269,5.0377660791943235,3.9019607843137254
897,32.83137577554652,18.856183718623633,-7.214923323414968,18.750286106660564,1.8235294117647058
225,32.77089281678649,17.706263828488595,-3.588464179446099,24.396887159533073,1.6274509803921569
673,12.574983879569945,-5.624170290684367,-7.616845960173954,3.45464255741207,2.784313725490196
337,19.685367704371856,11.63012130922408,2.4596017395284946,1.7730983443961241,4.607843137254902
169,38.04579388228575,19.437857633325706,-17.695124742504007,12.360570687418937,4.745098039215686
897,29.540957282426554,-9.999847409781033,-22.501716639963377,0.0,0.27450980392156865
169,25.59912731528103,-16.8535896849012,-13.95880064087892,1.0635538261997406,4.803921568627451
1009,46.51498442823568,0.00030518043793392735,-21.56328679331655,26.70176241702907,0.803921568627451
1009,36.50317997179538,-9.37422751201648,14.999771114671546,20.312809948882276,2.3333333333333335
281,25.289501938710174,-2.817730983443962,12.43625543602655,5.694666971847105,4.568627450980392
225,42.798115050298264,11.61852445258259,-7.437399862668801,35.91744869153887,4.0588235294117645
1009,34.05124321119238,12.701304646372165,-18.281071183337147,10.156404974441138,1.9215686274509804
617,19.13660580032635,-3.077744716563668,-3.8374914168001837,10.27847714961471,2.941176470588235
337,43.18542091325252,18.532082093537802,-8.779583428702221,35.428397039749754,1.4117647058823528
897,20.721623930562487,4.825207904173343,-10.077821011673151,3.518730449378195,4.0588235294117645
729,25.417264379886145,-5.625391012436102,19.17372396429389,12.500190737773709,0.19607843137254902
449,60.55925736672536,19.619745174334327,21.19249256122683,43.79644464789807,2.980392156862745
841,15.900040003032027,-0.7034409094377061,0.23758297093156244,0.0,0.6862745098039216
1009,27.573309983157163,-10.624856946669718,0.4692149233234133,17.9819943541619,1.1176470588235294
225,23.422766094403798,-1.7337300679026484,2.881666285191116,13.781948577096209,5.0
1121,44.922735331550946,14.999923704890513,26.659189745937283,31.6411078049897,0.0392156862745098
841,30.023536280436133,3.1644159609369034,4.949874113069349,17.969024185549706,2.411764705882353
561,38.167950630500386,18.341039139391164,22.378118562600136,4.205386434729534,3.7254901960784315
785,36.07890768732847,-14.686808575570307,-8.936140993362326,8.007934691386282,4.921568627450981
225,37.12521730561946,13.14015411612116,-20.780498970016023,15.945677882047761,3.1960784313725488
673,22.983910546842118,-1.3284504463263893,11.096818493934542,7.348744945448996,4.450980392156863
505,45.39439838418602,-4.424200808728161,-9.879148546578165,39.44151979858091,1.5686274509803921
897,22.110486511244343,-5.625391012436102,16.927901121538106,8.614480811779964,0.21568627450980393
337,35.16008757837218,5.627222095063708,-25.19432364385443,5.732814526588846,4.588235294117647
841,21.15406309002832,2.499122606240938,12.24673838406958,2.3682001983672847,1.8627450980392157
393,44.225308603566745,12.714732585641258,14.648203250171662,32.911421377889674,0.8431372549019608
897,23.519769762073878,4.765392538338293,-5.625543602655071,7.032120241092546,2.0980392156862746
673,9.05096450922392,6.827191577019914,-1.8242160677500578,0.14648661020828566,3.7450980392156863
561,31.838931586055104,-13.029068436713207,-1.1714351110093837,20.801098649576563,1.784313725490196
1121,35.401671145227006,15.625543602655071,-26.718699931334402,0.44022278171969176,0.43137254901960786
729,19.541038163123304,-6.080109864957656,4.688029297322039,3.5156786449988555,1.9411764705882353
1009,11.99928480622479,-3.7503624017700474,7.499656672007326,4.258793011367971,0.3333333333333333
337,30.668014578812148,-18.712138551918823,12.993820096131834,7.5494010833905545,4.764705882352941
1177,26.804009303893217,-2.499732967116806,-17.92858777752346,0.0,0.3333333333333333
897,24.859567919676042,13.633325703822386,-8.906843671320669,2.5391012436102844,1.9215686274509804
281,30.54250833585731,7.2141603723201335,-6.16937514305333,24.414435034714273,2.019607843137255
841,33.84535149661189,-4.9997711146715496,-15.733119707026779,15.625238422217135,1.4705882352941175
953,26.301946942572727,-6.680704966811627,-6.32867933165484,11.377126726176853,1.5294117647058822
953,25.648574469111402,-11.876096742198825,2.8130006866559825,8.885328450446327,3.4313725490196076
617,13.543579257209139,-3.5233081559472055,2.798352025635154,3.02738994430457,3.4705882352941178
225,40.76127428609675,18.836041809719994,-15.449301899748226,20.33722438391699,3.4705882352941178
1065,22.260259680103264,10.000457770656901,-3.748683909361411,12.500190737773709,0.3137254901960784
729,39.024655535520644,-7.8129243915465025,13.124742504005496,27.511253528648815,1.0588235294117647
1177,15.470203542981848,-2.5003433279926774,11.719386587319754,5.4695963988708325,0.23529411764705882
1065,12.95448446407805,10.000457770656901,1.4048981460288381,3.3196002136263068,0.19607843137254902
281,33.640814938072445,-16.630197604333564,-23.734035248340582,10.83390554665446,1.2941176470588236
841,28.590292835078053,5.625391012436104,-17.95971618219272,7.9896238651102465,3.2745098039215685
449,36.733097621386214,14.789959563591971,16.12863355458915,15.722896162355992,2.764705882352941
785,22.3917796360043,14.07888914320592,11.83566033417258,6.250095368886854,0.11764705882352941
897,34.92777824904623,10.312352178225375,-14.88166628519112,9.375143053330282,1.8627450980392157
393,49.83762531025878,3.907225146868086,-17.381094071869995,39.514763103685056,3.7450980392156863
617,16.838362274890258,2.499732967116806,13.00846875715267,5.261310749980926,0.1764705882352941
1065,26.884550285122458,-4.999160753795682,-11.250629434653238,9.559014267185473,3.3529411764705883
393,29.965407531539217,-8.385442893110552,-6.665598535133899,12.976272220950637,4.215686274509804
505,37.77700920839956,-9.580529488059815,-14.509956511787594,27.832455939574274,1.6274509803921569
729,21.516240260076504,9.224689097428854,-8.434424353398946,12.567330434119173,3.7450980392156863
281,39.21168855140873,-14.625162127107654,25.49645227740902,19.21492332341497,4.980392156862745
337,21.210069671782282,6.417029068436712,-1.1989013504234372,11.197070267795834,4.372549019607843
1065,24.052366501438335,-7.248950942244601,0.4692149233234133,11.328297856107424,2.2549019607843137
785,5.707919625929741,0.1651026169222547,-3.765163653009843,0.0038147554741741053,3.764705882352941
841,26.76109130348032,-4.062256809338521,-9.77386129549096,17.01686121919585,1.0196078431372548
617,20.303707186837663,-7.783016708628978,8.096589608606088,3.2227054245822844,4.8431372549019605
841,14.993925752464563,2.185397116044861,0.4527351796749812,3.71099412527657,4.686274509803922
953,17.650236554889883,1.8747234302281228,14.063172350652323,6.248569466697185,0.1764705882352941
449,45.86087319454204,-7.037155718318456,3.697413595788511,39.179064621957735,4.1568627450980395
1009,41.14991247618472,14.376134889753565,14.429388876173036,26.562905317769133,0.8235294117647058
561,6.720359028940303,-1.3369954985885393,-0.48294804303044003,2.349126420996414,3.588235294117647
953,25.616757347553236,7.500419623102161,-10.682078278782331,3.125047684443427,1.3137254901960784
337,28.276820876648856,3.443961242084381,-16.22018768596933,18.99671931029221,3.9215686274509802
225,43.49686829863284,5.300679026474402,14.39002059967956,31.858548867017625,5.0
1233,22.673021792017458,3.7497520408941796,11.250629434653241,3.892576485847257,2.4901960784313726
673,25.426191104511325,-4.178835736629281,-11.895170519569696,9.482719157701991,4.019607843137255
393,30.540658092108004,-16.069275959411,-14.98970016021973,13.192950331883726,4.8431372549019605
337,27.806588461552,16.15533684290837,6.587777523460744,0.8354314488441291,4.450980392156863
953,12.348313845679534,4.374761577782863,7.476768139162282,2.3430228122377357,0.19607843137254902
281,31.260633334599664,3.7204547188525225,16.22568093385214,21.83260852979324,3.8235294117647056
1009,22.063180579875244,-9.999847409781033,7.500572213321128,0.7820248722056916,1.2352941176470589
785,45.65581560784515,11.973754482337682,27.759670405127032,20.60578316929885,2.392156862745098
1009,9.288279939385928,-1.3766689555199498,5.508354314488443,3.9070725566491187,0.3137254901960784
673,7.358847089203712,-1.6800183108262772,2.7031357289997686,1.539635309376669,0.47058823529411764
1345,40.36001725153102,-0.00030518043793392735,29.400320439459833,25.97695887693599,0.09803921568627451
1289,46.138971408642504,15.001144426642256,-29.531242847333488,6.250095368886854,3.7450980392156863
337,28.56849108043003,1.4468604562447531,-21.124742504005493,11.441977569237812,3.980392156862745
785,15.135261527799909,10.625467307545588,-4.1615930418860145,6.250095368886854,0.2549019607843137
841,18.529572549138894,10.760967421988251,-8.438086518654153,1.5617608911268788,0.27450980392156865
1065,24.949966033144285,-9.99801632715343,0.9379720759899293,9.179064621957732,2.803921568627451
1121,20.16998720618666,0.9384298466468302,-7.500572213321128,3.5156786449988555,1.8431372549019607
785,12.96196371185805,1.601281757839324,4.100251773861295,4.272526131074998,3.2941176470588234
1121,28.68334804262971,11.153429465171282,20.625772487983518,12.500190737773709,0.09803921568627451
1009,31.714675955945356,0.00030518043793392735,-15.000686655985351,13.916990920881972,2.1372549019607843
785,19.084783425165668,-5.000381475547417,-10.183108262760356,4.443427176317998,2.5294117647058822
953,26.743304137644415,9.725795376516366,7.030899519340814,13.696498054474707,1.6274509803921569
1345,25.48451776181121,-0.9372091248950944,-7.499656672007326,13.678950179293507,1.6274509803921569
673,14.767582029577966,-0.3225757228961612,-0.002288853284504455,0.7812619211108568,4.176470588235294
953,8.920706050313369,4.256961928740367,3.8677042801556425,3.5156786449988555,0.23529411764705882
1121,42.15276007066506,9.999847409781033,28.014190890363928,28.03921568627451,0.058823529411764705
1009,24.97047112414706,-6.854657816433967,0.9379720759899293,11.718928816662851,2.2549019607843137
505,47.67469909146226,-12.26733806363012,-24.573586633096816,25.41542687113756,3.9019607843137254
449,31.082346665654548,18.203707942320897,15.721217669947357,7.2388799877927825,1.8431372549019607
729,33.70832844801209,-2.344701304646371,13.241931792172124,23.340199893186846,1.0392156862745099
393,33.25161992988167,2.8409246967269404,14.047608148317693,22.064545662623026,3.0784313725490198
393,25.371619535855245,11.891355764095522,-5.2227054245822835,11.677729457541771,4.352941176470588
729,12.98298760691494,-4.6396581979095135,3.647974364843215,2.050812542915999,2.0784313725490198
1065,29.076439801108798,-4.9997711146715496,-7.500572213321128,13.670557717250324,0.8823529411764706
281,22.81942062046263,5.411154345006484,-6.379034103913938,16.155489433127336,4.607843137254902
729,21.822902388581088,-12.50110627908751,6.973220416571294,4.890516517891204,2.607843137254902
281,54.97573901731423,15.058518348973834,22.37994964522774,38.72434576943618,4.019607843137255
505,19.958332621805422,-7.618219272144655,8.649576562142364,5.274280918593118,2.2941176470588234
337,27.983956621693533,2.024872205691615,-21.750057221332113,9.377431906614786,1.9607843137254901
617,49.24730780413165,-1.4834821087968244,-21.299610894941637,29.26909285114824,5.0
505,24.720088785732784,-3.359121080338749,-0.6294346532387287,18.060578316929885,3.2745098039215685
785,46.17983642083186,15.012741283283745,-8.736552986953537,23.878080415045396,2.3333333333333335
617,22.592731029169983,-11.250476844434273,1.7235065232318618,6.219577325093462,5.0
897,32.766351509808175,0.00030518043793392735,-8.439002059967954,12.500190737773709,0.8431372549019608
841,38.733742127924856,-13.907377737087053,-19.80453192950332,10.937666895551995,1.6666666666666667
1289,20.720155562615634,2.499732967116806,15.937285420004578,6.248569466697185,0.1568627450980392
953,27.79267401641671,3.047837033646143,-7.499656672007326,16.50415808346685,1.7058823529411764
393,19.178649963613292,8.661326009002824,-6.526436255436028,5.957122148470283,3.3529411764705883
841,34.868610839426765,-5.101091020065613,11.24971389333944,21.533531700617992,2.411764705882353
953,46.598463803819605,-13.52651255054551,16.874799725337603,29.68795300221256,1.6666666666666667
673,24.928342761719797,-1.49324788281071,-6.51728084229801,19.31181811245899,1.196078431372549
785,12.722629909599172,-2.0694285496299685,8.55527580682078,6.250095368886854,0.27450980392156865
505,21.99708745990824,10.828107118333715,2.193179217212176,11.819638361181049,3.0980392156862746
169,17.911484985125917,-3.208361943999389,4.992904554818033,14.09246967269398,4.019607843137255
1065,24.06971105858316,-13.750514991989014,-1.873655298695354,2.8336003662165257,3.1960784313725488
449,30.735572390461712,2.9568932631418328,-26.49347676813916,10.279240100709545,1.4117647058823528
673,23.56498198677813,-14.853437094682231,1.006637674525063,2.9785610742351416,3.235294117647059
1177,19.416109127565903,-2.499732967116806,-2.796520943007554,0.0,0.45098039215686275
281,40.103040583314474,-12.573739223315785,-18.531013962005034,19.791714351110095,3.5294117647058822
449,29.976510417195147,-12.442511635004196,-16.90318150606546,9.750514991989014,3.0980392156862746
449,29.98992183291128,-12.958876935988403,6.574044403753717,13.961242084382391,4.392156862745098
897,12.61557349586663,-1.0159456778820477,1.0954451819638358,0.0,1.5098039215686274
225,21.478336149676444,-11.42748149843595,-8.012359807736324,0.6805523765926604,3.2549019607843137
225,24.378882355102014,1.752040894178684,20.45181963836118,2.4155031662470434,4.803921568627451
281,45.63226101416742,7.896543831540399,-26.47791256580453,29.70397497520409,4.176470588235294
729,29.468836861253045,-12.149538414587624,-13.098191805905241,1.1902037079423209,3.1176470588235294
393,12.16785402926675,-1.6147096971084167,1.0615701533531698,5.468833447775998,2.843137254901961
841,44.413401221626295,2.499732967116806,19.184710460059513,27.49828336003662,3.568627450980392
785,26.67345012567775,-2.514381628137638,5.089036392767227,13.574425879301137,3.6666666666666665
449,25.951940554691006,-5.889677271686885,5.739070725566492,10.547035934996567,2.2941176470588234
505,13.6207698496894,-2.5003433279926774,0.4682993820096115,0.0,1.2745098039215685
673,27.52874462627307,12.86793316548409,-6.914625772487984,14.62424658579385,3.0784313725490198
1289,20.41093548566068,7.5779354543373785,15.000686655985348,7.032120241092546,0.13725490196078433
953,37.78666637100315,-4.9997711146715496,-12.85099565117876,25.883115892271306,2.2549019607843137
673,34.40446413698623,9.712977798123141,-14.99977111467155,12.695506218051422,5.0
337,53.82928454701075,-1.8588540474555586,-12.427100022888531,48.76478217746242,1.0
